benchmark,method,pooled,within_pairweighted,within_unweighted,between,w_within,within_rank,n_targets
Disorder-PDB,DisorderNet-pbias,0.953102,0.955039,0.951235,0.953092,0.005091,1,233
Disorder-PDB,DisorderNet-windowed,0.951161,0.953584,0.948117,0.951148,0.005091,2,233
Disorder-PDB,PUNCH2,0.940971,0.935946,0.932285,0.940996,0.005091,5,233
Disorder-PDB,PUNCH2-Light,0.937740,0.931864,0.927800,0.937770,0.005091,6,233
Disorder-PDB,AlphaFold3-pLDDT,0.930545,0.937498,0.928901,0.930509,0.005091,4,233
Disorder-PDB,PredIDR2-Prof-Art,0.930135,0.914607,0.937117,0.930214,0.005091,12,233
Disorder-PDB,AlphaFold-rsa,0.930012,0.924884,0.917591,0.930038,0.005091,9,233
Disorder-PDB,PredIDR2-Prof-Rnd,0.929954,0.914805,0.931559,0.930032,0.005091,11,233
Disorder-PDB,PredIDR2-Seq-Art,0.927586,0.928821,0.934504,0.927580,0.005091,7,233
Disorder-PDB,AlphaFold3-rsa,0.927492,0.920706,0.921137,0.927527,0.005091,10,233
Disorder-PDB,AlphaFold-pLDDT,0.926958,0.939166,0.934468,0.926896,0.005091,3,233
Disorder-PDB,PredIDR2-Seq-Rnd,0.922441,0.927603,0.925952,0.922415,0.005091,8,233
Disorder-PDB,LMDisorder,0.918317,0.911053,0.910704,0.918354,0.005091,15,233
Disorder-PDB,AlphaFold-binding,0.914546,0.898223,0.873810,0.914630,0.005091,20,233
Disorder-PDB,AUCpred-profile,0.911981,0.906545,0.901527,0.912009,0.005091,16,233
Disorder-PDB,DeepIDP-2L,0.910208,0.911197,0.885139,0.910203,0.005091,14,233
Disorder-PDB,AlphaFold3-binding,0.909732,0.889312,0.872276,0.909837,0.005091,25,233
Disorder-PDB,SETH-0,0.908087,0.886779,0.909893,0.908196,0.005091,26,233
Disorder-PDB,Metapredict-v3,0.904537,0.913140,0.880860,0.904493,0.005091,13,233
Disorder-PDB,AIUPred-2-disorder,0.899823,0.898795,0.857712,0.899828,0.005091,19,233
Disorder-PDB,NeProc2-beta-disorder,0.898224,0.904302,0.849820,0.898193,0.005091,17,233
Disorder-PDB,rawMSA,0.897282,0.876360,0.854407,0.897389,0.005091,30,233
Disorder-PDB,Metapredict-v2,0.896151,0.890778,0.877837,0.896179,0.005091,24,233
Disorder-PDB,NeProc2-beta-binding,0.892396,0.902500,0.834657,0.892344,0.005091,18,233
Disorder-PDB,SETH-1,0.891167,0.865957,0.899721,0.891296,0.005091,31,233
Disorder-PDB,DARUMA-beta,0.887726,0.885939,0.854282,0.887735,0.005091,27,233
Disorder-PDB,SPOT-Disorder-Single,0.886504,0.883031,0.859673,0.886522,0.005091,29,233
Disorder-PDB,ENSHROUD-protein,0.877571,0.865705,0.827190,0.877632,0.005091,33,233
Disorder-PDB,AUCpred-no-profile,0.874220,0.865883,0.860743,0.874263,0.005091,32,233
Disorder-PDB,IsUnstruct,0.871453,0.863673,0.846148,0.871493,0.005091,34,233
Disorder-PDB,rawMSA-disorder,0.869309,0.891295,0.879880,0.869197,0.005091,23,233
Disorder-PDB,ENSHROUD-all,0.866194,0.850936,0.815279,0.866272,0.005091,37,233
Disorder-PDB,flDPnn3a,0.860826,0.897578,0.902589,0.860638,0.005091,21,233
Disorder-PDB,Metapredict-v1,0.860676,0.848445,0.836314,0.860738,0.005091,40,233
Disorder-PDB,flDPnn3b,0.857841,0.849441,0.881187,0.857884,0.005091,38,233
Disorder-PDB,IUPred3,0.852268,0.852123,0.811916,0.852269,0.005091,36,233
Disorder-PDB,ESpritz-X,0.851293,0.841551,0.837753,0.851343,0.005091,42,233
Disorder-PDB,RONN,0.849448,0.848773,0.825735,0.849452,0.005091,39,233
Disorder-PDB,ESpritz-N,0.847013,0.833466,0.834697,0.847082,0.005091,44,233
Disorder-PDB,flDPnn2,0.843440,0.883440,0.864970,0.843235,0.005091,28,233
Disorder-PDB,flDPlr,0.842777,0.855211,0.852362,0.842714,0.005091,35,233
Disorder-PDB,MobiDB-lite,0.834494,0.823222,0.803466,0.834552,0.005091,48,233
Disorder-PDB,pyHCA,0.830250,0.830663,0.786447,0.830248,0.005091,46,233
Disorder-PDB,DeepDISObind-all,0.828913,0.838422,0.740374,0.828865,0.005091,43,233
Disorder-PDB,ENSHROUD-nucleic,0.828390,0.810083,0.757993,0.828484,0.005091,50,233
Disorder-PDB,AIUPred-2-binding,0.827003,0.809215,0.711936,0.827094,0.005091,51,233
Disorder-PDB,ESpritz-D,0.822815,0.845686,0.724465,0.822698,0.005091,41,233
Disorder-PDB,DeepDISObind-protein,0.819136,0.831623,0.721662,0.819072,0.005091,45,233
Disorder-PDB,flDPlr2,0.812691,0.894114,0.859904,0.812275,0.005091,22,233
Disorder-PDB,DisoRDPbind-prot,0.805572,0.812651,0.702648,0.805535,0.005091,49,233
Disorder-PDB,DisoMine,0.801798,0.825344,0.788536,0.801678,0.005091,47,233
Disorder-PDB,ANCHOR2,0.796926,0.796978,0.684001,0.796925,0.005091,52,233
Disorder-PDB,DisEMBL-dis465,0.785570,0.788379,0.777731,0.785556,0.005091,53,233
Disorder-PDB,DeepDISObind-nucleic,0.775570,0.714339,0.681277,0.775884,0.005091,57,233
Disorder-PDB,LINKER-Pred2,0.752041,0.739685,0.746341,0.752104,0.005091,54,233
Disorder-PDB,LINKER-Pred,0.745221,0.731514,0.737827,0.745291,0.005091,55,233
Disorder-PDB,LINKER-Pred-Lite,0.744658,0.730033,0.750488,0.744733,0.005091,56,233
Disorder-PDB,DisEMBL-disHL,0.684953,0.677874,0.718468,0.684989,0.005091,58,233
Disorder-PDB,OPAL,0.640107,0.654980,0.656894,0.640031,0.005091,59,233
Disorder-PDB,DisPredict2,0.580198,0.523315,0.594639,0.580489,0.005091,62,233
Disorder-PDB,DisoRDPbind-dna,0.551471,0.553444,0.552096,0.551461,0.005091,61,233
Disorder-PDB,ProBiPred-nucleic,0.521690,0.554647,0.520509,0.521521,0.005091,60,233
Disorder-PDB,LIPNet,0.509752,0.504416,0.563100,0.509779,0.005091,63,233
Disorder-PDB,DFLpred,0.412887,0.436992,0.529652,0.412764,0.005091,64,233
Disorder-PDB,DisoRDPbind-rna,0.360061,0.322567,0.407755,0.360253,0.005091,65,233
Disorder-PDB,bindEmbed21IDR-idrNuc,0.329309,0.300776,0.334666,0.329455,0.005091,66,233
Disorder-PDB,bindEmbed21IDR-rawNuc,0.326905,0.298327,0.330484,0.327051,0.005091,67,233
Disorder-PDB,ProBiPred-protein,0.239426,0.222120,0.319642,0.239515,0.005091,68,233
Disorder-PDB,bindEmbed21IDR-idrGeneral,0.228064,0.213309,0.266701,0.228140,0.005091,69,233
Disorder-PDB,bindEmbed21IDR-rawGeneral,0.216078,0.199506,0.247790,0.216163,0.005091,70,233
Disorder-NOX,DisorderNet-windowed,0.886304,0.834606,0.857902,0.886655,0.006747,5,178
Disorder-NOX,DisorderNet-pbias,0.855009,0.818028,0.858127,0.855260,0.006747,18,178
Disorder-NOX,flDPnn3a,0.834813,0.806059,0.842463,0.835008,0.006747,31,178
Disorder-NOX,AlphaFold3-rsa,0.834428,0.837943,0.808547,0.834404,0.006747,4,178
Disorder-NOX,rawMSA,0.833181,0.817398,0.803430,0.833288,0.006747,19,178
Disorder-NOX,AlphaFold-rsa,0.830674,0.830638,0.800572,0.830674,0.006747,7,178
Disorder-NOX,PUNCH2,0.829176,0.830011,0.805695,0.829170,0.006747,9,178
Disorder-NOX,rawMSA-disorder,0.827547,0.821726,0.805590,0.827587,0.006747,14,178
Disorder-NOX,PUNCH2-Light,0.826013,0.831820,0.805656,0.825974,0.006747,6,178
Disorder-NOX,SETH-0,0.825444,0.827639,0.802300,0.825429,0.006747,10,178
Disorder-NOX,AIUPred-2-disorder,0.817352,0.843887,0.768169,0.817172,0.006747,2,178
Disorder-NOX,AUCpred-profile,0.816106,0.812420,0.785237,0.816131,0.006747,22,178
Disorder-NOX,SETH-1,0.813257,0.807840,0.797235,0.813294,0.006747,29,178
Disorder-NOX,flDPnn2,0.810844,0.821533,0.802744,0.810772,0.006747,15,178
Disorder-NOX,AlphaFold-binding,0.809665,0.796163,0.775552,0.809756,0.006747,34,178
Disorder-NOX,NeProc2-beta-disorder,0.806733,0.814973,0.759614,0.806677,0.006747,21,178
Disorder-NOX,flDPlr,0.804929,0.771901,0.789145,0.805154,0.006747,49,178
Disorder-NOX,Metapredict-v3,0.803759,0.856414,0.798109,0.803402,0.006747,1,178
Disorder-NOX,AlphaFold3-pLDDT,0.803663,0.842344,0.801477,0.803400,0.006747,3,178
Disorder-NOX,LMDisorder,0.803458,0.815432,0.795438,0.803376,0.006747,20,178
Disorder-NOX,DeepIDP-2L,0.803408,0.810459,0.782962,0.803360,0.006747,26,178
Disorder-NOX,NeProc2-beta-binding,0.803396,0.824178,0.754225,0.803255,0.006747,13,178
Disorder-NOX,flDPnn3b,0.803381,0.772034,0.823948,0.803593,0.006747,48,178
Disorder-NOX,PredIDR2-Prof-Rnd,0.801939,0.794513,0.797781,0.801990,0.006747,36,178
Disorder-NOX,AlphaFold3-binding,0.801800,0.780116,0.767836,0.801948,0.006747,43,178
Disorder-NOX,DARUMA-beta,0.794738,0.825379,0.772601,0.794529,0.006747,12,178
Disorder-NOX,IUPred3,0.793769,0.811552,0.762944,0.793648,0.006747,23,178
Disorder-NOX,SPOT-Disorder-Single,0.790381,0.818349,0.770934,0.790191,0.006747,17,178
Disorder-NOX,ENSHROUD-all,0.787404,0.788582,0.765639,0.787396,0.006747,39,178
Disorder-NOX,PredIDR2-Seq-Art,0.787274,0.810337,0.791570,0.787117,0.006747,27,178
Disorder-NOX,AlphaFold-pLDDT,0.787080,0.830066,0.809386,0.786788,0.006747,8,178
Disorder-NOX,Metapredict-v2,0.784804,0.825541,0.783813,0.784527,0.006747,11,178
Disorder-NOX,ENSHROUD-protein,0.784765,0.795022,0.770655,0.784695,0.006747,35,178
Disorder-NOX,PredIDR2-Prof-Art,0.782877,0.789805,0.798346,0.782830,0.006747,38,178
Disorder-NOX,ESpritz-D,0.781686,0.810485,0.726950,0.781490,0.006747,25,178
Disorder-NOX,IsUnstruct,0.781195,0.793646,0.765925,0.781110,0.006747,37,178
Disorder-NOX,PredIDR2-Seq-Rnd,0.780364,0.801947,0.781364,0.780217,0.006747,32,178
Disorder-NOX,flDPlr2,0.779918,0.819913,0.802187,0.779646,0.006747,16,178
Disorder-NOX,Metapredict-v1,0.779907,0.798687,0.769036,0.779780,0.006747,33,178
Disorder-NOX,pyHCA,0.778468,0.808024,0.755334,0.778267,0.006747,28,178
Disorder-NOX,AUCpred-no-profile,0.778087,0.787445,0.771440,0.778023,0.006747,40,178
Disorder-NOX,DeepDISObind-all,0.771263,0.811157,0.725035,0.770992,0.006747,24,178
Disorder-NOX,ESpritz-X,0.770082,0.776221,0.753380,0.770041,0.006747,47,178
Disorder-NOX,MobiDB-lite,0.769911,0.779949,0.753023,0.769842,0.006747,44,178
Disorder-NOX,DeepDISObind-protein,0.766918,0.806860,0.713227,0.766647,0.006747,30,178
Disorder-NOX,ESpritz-N,0.766720,0.778497,0.748035,0.766640,0.006747,46,178
Disorder-NOX,ANCHOR2,0.761620,0.783749,0.692368,0.761470,0.006747,41,178
Disorder-NOX,RONN,0.759702,0.778916,0.749045,0.759571,0.006747,45,178
Disorder-NOX,DisoRDPbind-prot,0.754121,0.783227,0.712355,0.753923,0.006747,42,178
Disorder-NOX,DisoMine,0.754120,0.770817,0.729601,0.754007,0.006747,51,178
Disorder-NOX,ENSHROUD-nucleic,0.749606,0.767113,0.713397,0.749487,0.006747,52,178
Disorder-NOX,AIUPred-2-binding,0.749542,0.771035,0.675092,0.749396,0.006747,50,178
Disorder-NOX,LINKER-Pred2,0.722830,0.698093,0.685721,0.722998,0.006747,54,178
Disorder-NOX,LINKER-Pred,0.717106,0.694432,0.683797,0.717261,0.006747,56,178
Disorder-NOX,LINKER-Pred-Lite,0.707396,0.696428,0.703937,0.707471,0.006747,55,178
Disorder-NOX,DisEMBL-dis465,0.704310,0.717012,0.712270,0.704223,0.006747,53,178
Disorder-NOX,DeepDISObind-nucleic,0.699602,0.687670,0.656500,0.699683,0.006747,57,178
Disorder-NOX,OPAL,0.665241,0.637200,0.617186,0.665432,0.006747,58,178
Disorder-NOX,DisEMBL-disHL,0.643197,0.632708,0.684008,0.643268,0.006747,59,178
Disorder-NOX,DisPredict2,0.604423,0.489390,0.553886,0.605205,0.006747,62,178
Disorder-NOX,DisoRDPbind-dna,0.530472,0.539883,0.523684,0.530408,0.006747,61,178
Disorder-NOX,ProBiPred-nucleic,0.522506,0.539968,0.532232,0.522387,0.006747,60,178
Disorder-NOX,LIPNet,0.489663,0.486271,0.530177,0.489686,0.006747,63,178
Disorder-NOX,DFLpred,0.394407,0.393693,0.480492,0.394412,0.006747,64,178
Disorder-NOX,DisoRDPbind-rna,0.388596,0.324696,0.404086,0.389030,0.006747,67,178
Disorder-NOX,bindEmbed21IDR-idrNuc,0.354798,0.330750,0.360250,0.354961,0.006747,65,178
Disorder-NOX,bindEmbed21IDR-rawNuc,0.353016,0.328586,0.355458,0.353182,0.006747,66,178
Disorder-NOX,ProBiPred-protein,0.298555,0.254288,0.342231,0.298855,0.006747,69,178
Disorder-NOX,bindEmbed21IDR-idrGeneral,0.288872,0.260291,0.324644,0.289066,0.006747,68,178
Disorder-NOX,bindEmbed21IDR-rawGeneral,0.280088,0.250410,0.308337,0.280290,0.006747,70,178
Binding,DisorderNet-windowed,0.836876,0.853409,0.741619,0.836443,0.025518,1,49
Binding,DisorderNet-pbias,0.770551,0.733521,0.732296,0.771520,0.025518,22,49
Binding,UdonPred-combined,0.770243,0.725380,0.680535,0.771418,0.025518,29,49
Binding,DisorderUnetLM,0.760589,0.744884,0.708377,0.761000,0.025518,13,49
Binding,flDPnn3b,0.760547,0.761245,0.671027,0.760529,0.025518,9,49
Binding,AlphaFold3-binding,0.760130,0.799779,0.730924,0.759092,0.025518,2,49
Binding,IPA-All-bind,0.759463,0.771042,0.667603,0.759160,0.025518,6,49
Binding,AlphaFold-binding,0.759120,0.790360,0.748133,0.758302,0.025518,3,49
Binding,flDPnn2,0.756759,0.718030,0.661751,0.757773,0.025518,34,49
Binding,flDPnn3a,0.755513,0.744075,0.687519,0.755812,0.025518,15,49
Binding,DeepIDP-2L,0.755257,0.728149,0.639970,0.755967,0.025518,26,49
Binding,ESpritz-D,0.752491,0.774426,0.644357,0.751916,0.025518,5,49
Binding,flDPlr,0.751999,0.753286,0.668161,0.751965,0.025518,10,49
Binding,IPA-Protein-bind,0.751597,0.778404,0.673975,0.750895,0.025518,4,49
Binding,flDPnn,0.749233,0.727365,0.645466,0.749805,0.025518,27,49
Binding,rawMSA,0.742323,0.712737,0.607197,0.743097,0.025518,38,49
Binding,flDPlr2,0.740522,0.722637,0.624860,0.740990,0.025518,32,49
Binding,rawMSA-disorder,0.738733,0.741077,0.664510,0.738672,0.025518,18,49
Binding,MoRFchibi-light,0.735412,0.742648,0.663086,0.735222,0.025518,16,49
Binding,UdonPred-DisProt,0.733570,0.708077,0.651002,0.734238,0.025518,41,49
Binding,AIUPred-2-binding,0.731444,0.763445,0.702350,0.730606,0.025518,7,49
Binding,MoRFchibi-web,0.725422,0.733175,0.656747,0.725219,0.025518,23,49
Binding,DeepDISObind-all,0.725189,0.761867,0.647577,0.724229,0.025518,8,49
Binding,DeepDISObind-protein,0.724846,0.744841,0.643617,0.724322,0.025518,14,49
Binding,ENSHROUD-protein,0.723749,0.746403,0.675620,0.723156,0.025518,11,49
Binding,DeepDISObind-nucleic,0.720712,0.745572,0.655356,0.720061,0.025518,12,49
Binding,AlphaFold3-rsa,0.720637,0.736315,0.637936,0.720226,0.025518,21,49
Binding,LIPNet,0.719087,0.715338,0.708710,0.719185,0.025518,36,49
Binding,NeProc2-beta-disorder,0.716735,0.707007,0.621039,0.716990,0.025518,43,49
Binding,NeProc2-beta-binding,0.716529,0.707481,0.606984,0.716766,0.025518,42,49
Binding,AUCpred-profile,0.716318,0.728592,0.635746,0.715996,0.025518,25,49
Binding,ENSHROUD-all,0.716276,0.737451,0.663816,0.715722,0.025518,20,49
Binding,Metapredict-v3,0.714467,0.733085,0.619575,0.713979,0.025518,24,49
Binding,DRPBind-DNA,0.713714,0.712628,0.598833,0.713743,0.025518,39,49
Binding,OPAL,0.713432,0.739223,0.654784,0.712757,0.025518,19,49
Binding,AIUPred-2-disorder,0.711111,0.742519,0.611296,0.710288,0.025518,17,49
Binding,PUNCH2-Light,0.709731,0.699979,0.615230,0.709986,0.025518,48,49
Binding,DisoMine,0.709044,0.727176,0.624675,0.708569,0.025518,28,49
Binding,PredIDR2-Prof-Rnd,0.707602,0.682954,0.620097,0.708247,0.025518,54,49
Binding,AlphaFold-rsa,0.707032,0.712048,0.628240,0.706900,0.025518,40,49
Binding,IPA-Nucleotide-bind,0.703937,0.725143,0.589883,0.703382,0.025518,30,49
Binding,PUNCH2,0.702822,0.695801,0.614671,0.703006,0.025518,51,49
Binding,LMDisorder,0.702429,0.700623,0.603000,0.702476,0.025518,47,49
Binding,SETH-1,0.702309,0.702685,0.627768,0.702299,0.025518,44,49
Binding,DARUMA-beta,0.698921,0.699965,0.595163,0.698894,0.025518,49,49
Binding,DRPBind-protein,0.695678,0.702510,0.662691,0.695500,0.025518,45,49
Binding,DisoRDPbind-prot,0.695238,0.654602,0.576503,0.696302,0.025518,68,49
Binding,Metapredict-v2,0.694749,0.721086,0.603766,0.694059,0.025518,33,49
Binding,PredIDR2-Prof-Art,0.693098,0.675851,0.610697,0.693550,0.025518,56,49
Binding,SETH-0,0.692160,0.698963,0.602826,0.691982,0.025518,50,49
Binding,SPOT-Disorder,0.690554,0.700848,0.604831,0.690284,0.025518,46,49
Binding,AUCpred-no-profile,0.690431,0.671893,0.580597,0.690917,0.025518,59,49
Binding,SPOT-Disorder-Single,0.689449,0.684133,0.589602,0.689588,0.025518,53,49
Binding,ENSHROUD-nucleic,0.684742,0.712939,0.622564,0.684004,0.025518,37,49
Binding,ANCHOR2,0.684463,0.675871,0.608214,0.684688,0.025518,55,49
Binding,AIUPred,0.679847,0.671994,0.593253,0.680052,0.025518,58,49
Binding,pyHCA,0.678392,0.669368,0.568362,0.678628,0.025518,60,49
Binding,MobiDB-lite,0.677578,0.664347,0.595456,0.677924,0.025518,62,49
Binding,AlphaFold3-pLDDT,0.676145,0.724963,0.611843,0.674867,0.025518,31,49
Binding,PredIDR2-Seq-Rnd,0.672382,0.659673,0.578036,0.672715,0.025518,66,49
Binding,UdonPred-TriZOD,0.670232,0.691441,0.626033,0.669677,0.025518,52,49
Binding,DeepDRPBind-protein,0.668396,0.641345,0.589708,0.669105,0.025518,75,49
Binding,PredIDR2-Seq-Art,0.668179,0.664038,0.589494,0.668288,0.025518,63,49
Binding,VSL2,0.666604,0.658918,0.571908,0.666805,0.025518,67,49
Binding,IUPred3,0.666362,0.643358,0.583115,0.666965,0.025518,73,49
Binding,DRPBind-RNA,0.661681,0.646727,0.600989,0.662072,0.025518,71,49
Binding,IsUnstruct,0.659152,0.644672,0.569786,0.659531,0.025518,72,49
Binding,AlphaFold-pLDDT,0.658858,0.717850,0.603555,0.657313,0.025518,35,49
Binding,Metapredict-v1,0.658774,0.663050,0.589664,0.658662,0.025518,64,49
Binding,ESpritz-X,0.657690,0.675074,0.577224,0.657235,0.025518,57,49
Binding,LINKER-Pred2,0.651913,0.595251,0.622556,0.653396,0.025518,80,49
Binding,DISOPRED3-diso,0.651465,0.667600,0.595268,0.651043,0.025518,61,49
Binding,LINKER-Pred,0.646819,0.593848,0.617308,0.648206,0.025518,82,49
Binding,DeepDRPBind-DNA,0.639948,0.619054,0.541429,0.640496,0.025518,78,49
Binding,ESpritz-N,0.636760,0.661394,0.591201,0.636115,0.025518,65,49
Binding,RONN,0.631579,0.651837,0.563587,0.631048,0.025518,69,49
Binding,DeepDRPBind-RNA,0.623479,0.631123,0.504002,0.623279,0.025518,77,49
Binding,LINKER-Pred-Lite,0.611264,0.594345,0.587543,0.611707,0.025518,81,49
Binding,ProBiPred-nucleic,0.607567,0.584129,0.654207,0.608181,0.025518,84,49
Binding,MoRFchibi,0.601119,0.641709,0.615492,0.600056,0.025518,74,49
Binding,DisEMBL-disHL,0.596651,0.596926,0.580925,0.596644,0.025518,79,49
Binding,s2D-2,0.596454,0.639146,0.571331,0.595336,0.025518,76,49
Binding,DisEMBL-dis465,0.590140,0.587875,0.539677,0.590200,0.025518,83,49
Binding,APOD,0.588955,0.651412,0.594790,0.587320,0.025518,70,49
Binding,DisPredict2,0.584876,0.473978,0.527601,0.587780,0.025518,90,49
Binding,ProBiPred-protein,0.548734,0.509281,0.571616,0.549768,0.025518,87,49
Binding,DISOPRED3-bind,0.538751,0.527471,0.560215,0.539047,0.025518,86,49
Binding,DisoRDPbind-dna,0.533605,0.542163,0.525878,0.533381,0.025518,85,49
Binding,bindEmbed21IDR-idrNuc,0.481460,0.484615,0.519408,0.481378,0.025518,88,49
Binding,bindEmbed21IDR-rawNuc,0.479578,0.483462,0.517836,0.479476,0.025518,89,49
Binding,bindEmbed21IDR-idrGeneral,0.470918,0.407126,0.540069,0.472589,0.025518,92,49
Binding,bindEmbed21IDR-rawGeneral,0.460933,0.401625,0.532487,0.462486,0.025518,93,49
Binding,DisoRDPbind-rna,0.442991,0.435968,0.430249,0.443175,0.025518,91,49
Binding,DFLpred,0.327088,0.327256,0.410360,0.327084,0.025518,94,49
Binding-IDR,LIPNet,0.747680,0.761986,0.722302,0.747254,0.028913,1,42
Binding-IDR,ProBiPred-protein,0.682712,0.696480,0.674157,0.682302,0.028913,3,42
Binding-IDR,bindEmbed21IDR-idrGeneral,0.682228,0.696137,0.693518,0.681814,0.028913,4,42
Binding-IDR,bindEmbed21IDR-rawGeneral,0.681197,0.695818,0.693359,0.680762,0.028913,5,42
Binding-IDR,DisorderNet-windowed,0.646250,0.674042,0.642912,0.645423,0.028913,7,42
Binding-IDR,DisorderNet-pbias,0.628088,0.653379,0.662797,0.627335,0.028913,9,42
Binding-IDR,DisoFLAG-IB,0.616354,0.622899,0.589623,0.616159,0.028913,13,42
Binding-IDR,ProBiPred-nucleic,0.606422,0.615814,0.649187,0.606143,0.028913,14,42
Binding-IDR,DisoFLAG-LB,0.601926,0.606330,0.596622,0.601795,0.028913,17,42
Binding-IDR,CLIP,0.594270,0.562151,0.595833,0.595226,0.028913,29,42
Binding-IDR,DisoFLAG-PB,0.591409,0.661343,0.565157,0.589327,0.028913,8,42
Binding-IDR,bindEmbed21IDR-idrNuc,0.589614,0.601754,0.598080,0.589253,0.028913,19,42
Binding-IDR,bindEmbed21IDR-rawNuc,0.588872,0.601651,0.598207,0.588491,0.028913,20,42
Binding-IDR,AIUPred-2-binding,0.583215,0.714070,0.666348,0.579319,0.028913,2,42
Binding-IDR,OPAL,0.575756,0.578805,0.633301,0.575665,0.028913,23,42
Binding-IDR,DisPredict2,0.572686,0.514660,0.465964,0.574413,0.028913,38,42
Binding-IDR,MoRFchibi-web,0.568814,0.614838,0.650085,0.567444,0.028913,15,42
Binding-IDR,MoRFchibi,0.568073,0.571624,0.613499,0.567967,0.028913,27,42
Binding-IDR,DisoFLAG-IDR,0.565927,0.574894,0.467849,0.565660,0.028913,25,42
Binding-IDR,MoRFchibi-light,0.565020,0.601796,0.624864,0.563925,0.028913,18,42
Binding-IDR,UdonPred-combined,0.563634,0.536872,0.484728,0.564431,0.028913,33,42
Binding-IDR,flDPlr,0.551974,0.499475,0.454387,0.553537,0.028913,41,42
Binding-IDR,AlphaFold-binding,0.547615,0.636511,0.594033,0.544968,0.028913,11,42
Binding-IDR,IPA-Protein-bind,0.541282,0.627689,0.585251,0.538709,0.028913,12,42
Binding-IDR,IPA-All-bind,0.538693,0.612650,0.568781,0.536491,0.028913,16,42
Binding-IDR,DeepDRPBind-DNA,0.538476,0.524586,0.546573,0.538890,0.028913,36,42
Binding-IDR,DisoRDPbind-rna,0.538081,0.439977,0.514470,0.541002,0.028913,56,42
Binding-IDR,flDPnn3b,0.536904,0.432793,0.512684,0.540004,0.028913,58,42
Binding-IDR,rawMSA-disorder,0.536881,0.410504,0.408889,0.540643,0.028913,68,42
Binding-IDR,ESpritz-D,0.535480,0.649901,0.565727,0.532074,0.028913,10,42
Binding-IDR,DisoFLAG-RB,0.532876,0.519416,0.558916,0.533277,0.028913,37,42
Binding-IDR,flDPnn3a,0.530464,0.505264,0.456963,0.531215,0.028913,40,42
Binding-IDR,AlphaFold3-binding,0.529866,0.676388,0.578435,0.525504,0.028913,6,42
Binding-IDR,DeepDISObind-nucleic,0.523864,0.483394,0.595894,0.525069,0.028913,45,42
Binding-IDR,DRPBind-RNA,0.516664,0.556502,0.530451,0.515477,0.028913,31,42
Binding-IDR,UdonPred-DisProt,0.513857,0.497378,0.475929,0.514347,0.028913,43,42
Binding-IDR,DisoRDPbind-dna,0.511166,0.444288,0.509913,0.513157,0.028913,54,42
Binding-IDR,DisorderUnetLM,0.507892,0.541403,0.498745,0.506894,0.028913,32,42
Binding-IDR,DeepDISObind-protein,0.504904,0.585993,0.547020,0.502490,0.028913,21,42
Binding-IDR,DeepDRPBind-protein,0.504084,0.534019,0.498676,0.503193,0.028913,34,42
Binding-IDR,DeepDISObind-all,0.499010,0.580469,0.556071,0.496585,0.028913,22,42
Binding-IDR,flDPnn2,0.497592,0.462643,0.460830,0.498632,0.028913,50,42
Binding-IDR,rawMSA,0.496065,0.438719,0.423856,0.497773,0.028913,57,42
Binding-IDR,flDPnn,0.495895,0.432779,0.431602,0.497774,0.028913,59,42
Binding-IDR,IPA-Nucleotide-bind,0.495275,0.412701,0.482915,0.497734,0.028913,66,42
Binding-IDR,DisoFLAG-DB,0.494537,0.455031,0.488815,0.495713,0.028913,51,42
Binding-IDR,APOD,0.482393,0.479517,0.422513,0.482478,0.028913,47,42
Binding-IDR,LINKER-Pred2,0.481288,0.405913,0.370623,0.483532,0.028913,72,42
Binding-IDR,flDPlr2,0.479025,0.418005,0.430715,0.480842,0.028913,64,42
Binding-IDR,ENSHROUD-nucleic,0.472520,0.557923,0.485351,0.469977,0.028913,30,42
Binding-IDR,DeepIDP-2L,0.471762,0.497786,0.434466,0.470987,0.028913,42,42
Binding-IDR,DisPredict3,0.471120,0.479212,0.444204,0.470879,0.028913,48,42
Binding-IDR,LINKER-Pred,0.469340,0.405779,0.366878,0.471232,0.028913,73,42
Binding-IDR,ANCHOR2,0.467203,0.576568,0.514471,0.463947,0.028913,24,42
Binding-IDR,ENSHROUD-all,0.465262,0.574286,0.502038,0.462016,0.028913,26,42
Binding-IDR,DisoRDPbind-prot,0.464283,0.469574,0.448115,0.464125,0.028913,49,42
Binding-IDR,DisoFLAG-DFL,0.464001,0.418319,0.357973,0.465362,0.028913,63,42
Binding-IDR,ENSHROUD-protein,0.462877,0.570274,0.511513,0.459679,0.028913,28,42
Binding-IDR,DisEMBL-disHL,0.462348,0.390999,0.460471,0.464472,0.028913,81,42
Binding-IDR,DISOPRED3-bind,0.459383,0.415183,0.493688,0.460699,0.028913,65,42
Binding-IDR,DRPBind-protein,0.459223,0.513938,0.511818,0.457594,0.028913,39,42
Binding-IDR,DisoMine,0.459093,0.533805,0.482837,0.456869,0.028913,35,42
Binding-IDR,DRPBind-DNA,0.443502,0.496485,0.495531,0.441925,0.028913,44,42
Binding-IDR,LINKER-Pred-Lite,0.428289,0.440808,0.354608,0.427916,0.028913,55,42
Binding-IDR,AUCpred-profile,0.423556,0.406749,0.444145,0.424056,0.028913,71,42
Binding-IDR,DARUMA-beta,0.421467,0.410281,0.422310,0.421800,0.028913,70,42
Binding-IDR,pyHCA,0.420448,0.411328,0.406588,0.420719,0.028913,67,42
Binding-IDR,AUCpred-no-profile,0.418571,0.395564,0.411816,0.419256,0.028913,78,42
Binding-IDR,DeepDRPBind-RNA,0.414579,0.481172,0.468574,0.412596,0.028913,46,42
Binding-IDR,DFLpred,0.407299,0.427774,0.392810,0.406689,0.028913,61,42
Binding-IDR,ESpritz-X,0.405821,0.444634,0.439528,0.404666,0.028913,53,42
Binding-IDR,SPOT-Disorder-Single,0.403468,0.395236,0.409519,0.403713,0.028913,79,42
Binding-IDR,VSL2,0.403217,0.355942,0.448107,0.404624,0.028913,93,42
Binding-IDR,SETH-1,0.403011,0.428288,0.422640,0.402259,0.028913,60,42
Binding-IDR,NeProc2-beta-disorder,0.401849,0.421665,0.460319,0.401259,0.028913,62,42
Binding-IDR,MobiDB-lite,0.398349,0.391964,0.424540,0.398539,0.028913,80,42
Binding-IDR,AIUPred,0.393452,0.410470,0.433292,0.392945,0.028913,69,42
Binding-IDR,DisEMBL-dis465,0.389390,0.317552,0.382712,0.391529,0.028913,97,42
Binding-IDR,IsUnstruct,0.389234,0.317013,0.418064,0.391385,0.028913,98,42
Binding-IDR,NeProc2-beta-binding,0.387166,0.396988,0.431928,0.386873,0.028913,75,42
Binding-IDR,SPOT-Disorder,0.382495,0.344407,0.390033,0.383629,0.028913,94,42
Binding-IDR,PredIDR2-Prof-Rnd,0.380649,0.402235,0.438350,0.380007,0.028913,74,42
Binding-IDR,PredIDR2-Prof-Art,0.379488,0.378368,0.396405,0.379522,0.028913,88,42
Binding-IDR,PUNCH2-Light,0.378527,0.357611,0.408309,0.379150,0.028913,92,42
Binding-IDR,IUPred3,0.378076,0.389721,0.397719,0.377730,0.028913,83,42
Binding-IDR,s2D-2,0.375590,0.447361,0.404214,0.373453,0.028913,52,42
Binding-IDR,LMDisorder,0.373762,0.387213,0.424412,0.373362,0.028913,84,42
Binding-IDR,ESpritz-N,0.373656,0.396637,0.412838,0.372972,0.028913,76,42
Binding-IDR,UdonPred-TriZOD,0.372157,0.395630,0.379588,0.371458,0.028913,77,42
Binding-IDR,AlphaFold3-pLDDT,0.367669,0.311609,0.349495,0.369338,0.028913,101,42
Binding-IDR,PUNCH2,0.366498,0.324494,0.406859,0.367749,0.028913,95,42
Binding-IDR,RONN,0.366470,0.316263,0.397612,0.367965,0.028913,99,42
Binding-IDR,Metapredict-v3,0.366356,0.379227,0.419834,0.365973,0.028913,87,42
Binding-IDR,Metapredict-v1,0.363843,0.372294,0.406083,0.363592,0.028913,90,42
Binding-IDR,DISOPRED3-diso,0.358561,0.390460,0.401854,0.357611,0.028913,82,42
Binding-IDR,PredIDR2-Seq-Rnd,0.357499,0.387150,0.420625,0.356616,0.028913,85,42
Binding-IDR,PredIDR2-Seq-Art,0.355666,0.373840,0.413550,0.355125,0.028913,89,42
Binding-IDR,AIUPred-2-disorder,0.355022,0.363241,0.394106,0.354777,0.028913,91,42
Binding-IDR,Metapredict-v2,0.349977,0.382950,0.369318,0.348996,0.028913,86,42
Binding-IDR,PreDisorder,0.345698,0.319832,0.378603,0.346468,0.028913,96,42
Binding-IDR,AlphaFold3-rsa,0.338792,0.294262,0.416397,0.340118,0.028913,102,42
Binding-IDR,AlphaFold-pLDDT,0.331087,0.292010,0.330603,0.332250,0.028913,103,42
Binding-IDR,AlphaFold-rsa,0.326669,0.286064,0.395464,0.327878,0.028913,104,42
Binding-IDR,SETH-0,0.322812,0.312602,0.362475,0.323116,0.028913,100,42
Linker,DisorderNet-windowed,0.915443,0.889002,0.879064,0.916227,0.028826,1,31
Linker,DisorderNet-pbias,0.890789,0.785860,0.861522,0.893903,0.028826,10,31
Linker,LINKER-Pred2,0.874617,0.747270,0.858721,0.878397,0.028826,27,31
Linker,LINKER-Pred,0.869951,0.744635,0.856947,0.873671,0.028826,28,31
Linker,LINKER-Pred-Lite,0.854306,0.739926,0.829903,0.857701,0.028826,31,31
Linker,DisorderUnetLM,0.851229,0.787680,0.797276,0.853116,0.028826,9,31
Linker,APOD,0.843003,0.834443,0.816666,0.843257,0.028826,2,31
Linker,flDPnn3a,0.841206,0.754707,0.758891,0.843773,0.028826,24,31
Linker,flDPnn3b,0.835304,0.760255,0.758070,0.837531,0.028826,20,31
Linker,flDPnn,0.827416,0.755113,0.733492,0.829562,0.028826,23,31
Linker,AUCpred-profile,0.822918,0.805810,0.764134,0.823425,0.028826,5,31
Linker,SETH-0,0.822095,0.780481,0.795389,0.823330,0.028826,12,31
Linker,UdonPred-combined,0.817538,0.709163,0.723045,0.820755,0.028826,53,31
Linker,flDPlr,0.809972,0.779476,0.732716,0.810878,0.028826,13,31
Linker,AlphaFold3-rsa,0.809760,0.800489,0.756604,0.810035,0.028826,6,31
Linker,PredIDR2-Seq-Art,0.808274,0.741287,0.773639,0.810262,0.028826,30,31
Linker,flDPlr2,0.806278,0.732095,0.710940,0.808480,0.028826,40,31
Linker,PredIDR2-Prof-Rnd,0.804368,0.742450,0.757467,0.806206,0.028826,29,31
Linker,SETH-1,0.804191,0.768920,0.788310,0.805238,0.028826,18,31
Linker,flDPnn2,0.804141,0.706784,0.704170,0.807031,0.028826,54,31
Linker,AlphaFold-binding,0.800642,0.771478,0.748183,0.801508,0.028826,17,31
Linker,AlphaFold-rsa,0.800128,0.781089,0.753895,0.800693,0.028826,11,31
Linker,DeepIDP-2L,0.799879,0.736453,0.753597,0.801762,0.028826,36,31
Linker,PredIDR2-Seq-Rnd,0.797251,0.729402,0.764605,0.799264,0.028826,41,31
Linker,AlphaFold3-pLDDT,0.797130,0.797696,0.788385,0.797114,0.028826,7,31
Linker,UdonPred-DisProt,0.794095,0.723826,0.728747,0.796181,0.028826,44,31
Linker,PUNCH2-Light,0.790802,0.737887,0.762918,0.792373,0.028826,34,31
Linker,AlphaFold3-binding,0.790789,0.797510,0.767893,0.790589,0.028826,8,31
Linker,PUNCH2,0.788082,0.737795,0.755308,0.789575,0.028826,35,31
Linker,LMDisorder,0.783121,0.734297,0.766088,0.784570,0.028826,38,31
Linker,SPOT-Disorder,0.782799,0.760469,0.747324,0.783462,0.028826,19,31
Linker,PredIDR2-Prof-Art,0.782326,0.721356,0.750517,0.784136,0.028826,48,31
Linker,rawMSA-disorder,0.782257,0.812645,0.761292,0.781355,0.028826,4,31
Linker,AUCpred-no-profile,0.780201,0.713162,0.710495,0.782191,0.028826,49,31
Linker,NeProc2-beta-disorder,0.773350,0.709683,0.711300,0.775240,0.028826,51,31
Linker,AlphaFold-pLDDT,0.772633,0.815721,0.817521,0.771354,0.028826,3,31
Linker,ESpritz-X,0.772105,0.738966,0.699009,0.773088,0.028826,32,31
Linker,Metapredict-v3,0.772026,0.772718,0.730633,0.772005,0.028826,16,31
Linker,SPOT-Disorder-Single,0.771648,0.722759,0.699173,0.773099,0.028826,46,31
Linker,rawMSA,0.771640,0.756544,0.723512,0.772088,0.028826,22,31
Linker,Metapredict-v2,0.770939,0.773653,0.734593,0.770859,0.028826,15,31
Linker,AIUPred-2-disorder,0.770518,0.777116,0.687012,0.770322,0.028826,14,31
Linker,UdonPred-TriZOD,0.768889,0.754660,0.794814,0.769311,0.028826,25,31
Linker,RONN,0.766833,0.753992,0.742324,0.767214,0.028826,26,31
Linker,Metapredict-v1,0.761406,0.727843,0.715427,0.762403,0.028826,42,31
Linker,ESpritz-N,0.760651,0.759967,0.721419,0.760671,0.028826,21,31
Linker,MobiDB-lite,0.760647,0.721364,0.705684,0.761813,0.028826,47,31
Linker,DRPBind-DNA,0.759701,0.698927,0.640336,0.761505,0.028826,57,31
Linker,VSL2,0.759286,0.711509,0.721427,0.760704,0.028826,50,31
Linker,pyHCA,0.758521,0.733697,0.650787,0.759257,0.028826,39,31
Linker,IsUnstruct,0.756288,0.709515,0.710954,0.757676,0.028826,52,31
Linker,DISOPRED3-diso,0.756056,0.736397,0.739532,0.756640,0.028826,37,31
Linker,DARUMA-beta,0.752787,0.723191,0.685698,0.753665,0.028826,45,31
Linker,NeProc2-beta-binding,0.750947,0.699287,0.692425,0.752480,0.028826,56,31
Linker,DeepDRPBind-RNA,0.750706,0.634327,0.569788,0.754160,0.028826,71,31
Linker,DisoPred,0.741965,0.738845,0.706791,0.742058,0.028826,33,31
Linker,DeepDISObind-nucleic,0.732890,0.689076,0.536608,0.734191,0.028826,60,31
Linker,DeepDISObind-all,0.724718,0.696525,0.546265,0.725554,0.028826,58,31
Linker,DeepDISObind-protein,0.723840,0.676364,0.543100,0.725249,0.028826,63,31
Linker,IUPred3,0.723621,0.660926,0.696173,0.725482,0.028826,66,31
Linker,s2D-2,0.722118,0.725914,0.741778,0.722005,0.028826,43,31
Linker,ENSHROUD-protein,0.714201,0.701956,0.666592,0.714565,0.028826,55,31
Linker,DisoMine,0.712021,0.689204,0.629606,0.712698,0.028826,59,31
Linker,DisEMBL-dis465,0.707820,0.684734,0.676130,0.708505,0.028826,62,31
Linker,AIUPred,0.706819,0.661190,0.648531,0.708173,0.028826,65,31
Linker,ENSHROUD-all,0.702643,0.687376,0.677594,0.703096,0.028826,61,31
Linker,DisPredict2,0.700265,0.555413,0.600091,0.704565,0.028826,80,31
Linker,OPAL,0.693660,0.628095,0.522458,0.695606,0.028826,72,31
Linker,DRPBind-RNA,0.687286,0.622653,0.604306,0.689205,0.028826,73,31
Linker,DisEMBL-disHL,0.687168,0.658401,0.673518,0.688022,0.028826,67,31
Linker,ESpritz-D,0.679329,0.662833,0.535414,0.679818,0.028826,64,31
Linker,DRPBind-protein,0.677811,0.635564,0.679036,0.679065,0.028826,70,31
Linker,DeepDRPBind-protein,0.672427,0.563597,0.514773,0.675657,0.028826,79,31
Linker,AIUPred-2-binding,0.670453,0.637621,0.553607,0.671428,0.028826,69,31
Linker,ENSHROUD-nucleic,0.658220,0.656142,0.620003,0.658282,0.028826,68,31
Linker,DisoRDPbind-prot,0.652973,0.615472,0.586201,0.654086,0.028826,76,31
Linker,DisoRDPbind-dna,0.634642,0.622394,0.608499,0.635006,0.028826,74,31
Linker,DISOPRED3-bind,0.629244,0.619806,0.614775,0.629524,0.028826,75,31
Linker,MoRFchibi-light,0.593475,0.569918,0.490123,0.594174,0.028826,78,31
Linker,ANCHOR2,0.586613,0.541270,0.517433,0.587958,0.028826,81,31
Linker,DeepDRPBind-DNA,0.571295,0.466769,0.468806,0.574398,0.028826,86,31
Linker,ProBiPred-nucleic,0.564435,0.591693,0.600011,0.563626,0.028826,77,31
Linker,MoRFchibi-web,0.516495,0.496559,0.442654,0.517087,0.028826,82,31
Linker,MoRFchibi,0.474820,0.491955,0.470570,0.474312,0.028826,84,31
Linker,DFLpred,0.473163,0.484248,0.615841,0.472834,0.028826,85,31
Linker,LIPNet,0.472856,0.495472,0.541993,0.472185,0.028826,83,31
Linker,DisoRDPbind-rna,0.435643,0.460161,0.427166,0.434916,0.028826,87,31
Linker,bindEmbed21IDR-idrNuc,0.360079,0.413230,0.390889,0.358501,0.028826,88,31
Linker,bindEmbed21IDR-rawNuc,0.358890,0.412258,0.386523,0.357306,0.028826,89,31
Linker,ProBiPred-protein,0.286345,0.321555,0.375251,0.285300,0.028826,90,31
Linker,bindEmbed21IDR-idrGeneral,0.250312,0.291987,0.362053,0.249075,0.028826,91,31
Linker,bindEmbed21IDR-rawGeneral,0.243265,0.285492,0.339067,0.242012,0.028826,92,31
