benchmark,pairwise_rank,method,pairwise_score,pooled_auc,pooled_rank,rank_change,separated_from_leader,leader,n_targets,n_eligible,n_entered
Disorder-PDB,1,DisorderNet-pbias,0.951235,0.963494,1,0,False,DisorderNet-pbias,233,60,120
Disorder-PDB,2,DisorderNet-Ensemble,0.950795,0.961341,2,0,False,DisorderNet-pbias,233,60,120
Disorder-PDB,3,DisorderNet-windowed,0.948117,0.958969,3,0,False,DisorderNet-pbias,233,60,120
Disorder-PDB,4,PredIDR2-Prof-Art,0.937117,0.936042,10,6,False,DisorderNet-pbias,233,60,120
Disorder-PDB,5,PredIDR2-Seq-Art,0.934504,0.936194,9,4,True,DisorderNet-pbias,233,60,120
Disorder-PDB,6,AlphaFold-pLDDT,0.934468,0.934151,13,7,True,DisorderNet-pbias,233,60,120
Disorder-PDB,7,PUNCH2,0.932285,0.955153,4,-3,True,DisorderNet-pbias,233,60,120
Disorder-PDB,8,PredIDR2-Prof-Rnd,0.931559,0.934486,11,3,False,DisorderNet-pbias,233,60,120
Disorder-PDB,9,AlphaFold3-pLDDT,0.928901,0.932396,14,5,True,DisorderNet-pbias,233,60,120
Disorder-PDB,10,PUNCH2-Light,0.927800,0.952492,5,-5,True,DisorderNet-pbias,233,60,120
Disorder-PDB,11,PredIDR2-Seq-Rnd,0.925952,0.931746,15,4,True,DisorderNet-pbias,233,60,120
Disorder-PDB,12,AlphaFold3-rsa,0.921137,0.947649,7,-5,True,DisorderNet-pbias,233,60,120
Disorder-PDB,13,AlphaFold-rsa,0.917591,0.949772,6,-7,True,DisorderNet-pbias,233,60,120
Disorder-PDB,14,LMDisorder,0.910704,0.937553,8,-6,True,DisorderNet-pbias,233,60,120
Disorder-PDB,15,SETH-0,0.909893,0.925681,18,3,True,DisorderNet-pbias,233,60,120
Disorder-PDB,16,flDPnn3a,0.902589,0.900573,27,11,True,DisorderNet-pbias,233,60,120
Disorder-PDB,17,AUCpred-profile,0.901527,0.917733,22,5,True,DisorderNet-pbias,233,60,120
Disorder-PDB,18,SETH-1,0.899721,0.909441,26,8,True,DisorderNet-pbias,233,60,120
Disorder-PDB,19,DeepIDP-2L,0.885139,0.922654,20,1,True,DisorderNet-pbias,233,60,120
Disorder-PDB,20,flDPnn3b,0.881187,0.895187,28,8,True,DisorderNet-pbias,233,60,120
Disorder-PDB,21,Metapredict-v3,0.880860,0.928866,17,-4,True,DisorderNet-pbias,233,60,120
Disorder-PDB,22,Metapredict-v2,0.877837,0.915366,23,1,True,DisorderNet-pbias,233,60,120
Disorder-PDB,23,AlphaFold-binding,0.873810,0.934194,12,-11,True,DisorderNet-pbias,233,60,120
Disorder-PDB,24,AlphaFold3-binding,0.872276,0.930433,16,-8,True,DisorderNet-pbias,233,60,120
Disorder-PDB,25,flDPnn2,0.864970,0.879717,33,8,True,DisorderNet-pbias,233,60,120
Disorder-PDB,26,AUCpred-no-profile,0.860743,0.888657,30,4,True,DisorderNet-pbias,233,60,120
Disorder-PDB,27,flDPlr2,0.859904,0.861641,41,14,True,DisorderNet-pbias,233,60,120
Disorder-PDB,28,SPOT-Disorder-Single,0.859673,0.911602,25,-3,True,DisorderNet-pbias,233,60,120
Disorder-PDB,29,AIUPred-2-disorder,0.857712,0.925045,19,-10,True,DisorderNet-pbias,233,60,120
Disorder-PDB,30,rawMSA,0.854407,0.919014,21,-9,True,DisorderNet-pbias,233,60,120
Disorder-PDB,31,DARUMA-beta,0.854282,0.914049,24,-7,True,DisorderNet-pbias,233,60,120
Disorder-PDB,32,flDPlr,0.852362,0.879964,32,0,True,DisorderNet-pbias,233,60,120
Disorder-PDB,33,IsUnstruct,0.846148,0.888870,29,-4,True,DisorderNet-pbias,233,60,120
Disorder-PDB,34,ESpritz-X,0.837753,0.872145,36,2,True,DisorderNet-pbias,233,60,120
Disorder-PDB,35,Metapredict-v1,0.836314,0.886817,31,-4,True,DisorderNet-pbias,233,60,120
Disorder-PDB,36,ESpritz-N,0.834697,0.862554,40,4,True,DisorderNet-pbias,233,60,120
Disorder-PDB,37,MobiDB-lite,0.803466,0.865841,38,1,True,DisorderNet-pbias,233,60,120
Disorder-PDB,38,DisoMine,0.788536,0.841401,44,6,True,DisorderNet-pbias,233,60,120
Disorder-PDB,39,pyHCA,0.786447,0.871064,37,-2,True,DisorderNet-pbias,233,60,120
Disorder-PDB,40,DisEMBL-dis465,0.777731,0.803006,46,6,True,DisorderNet-pbias,233,60,120
Disorder-PDB,41,LINKER-Pred-Lite,0.750488,0.747935,49,8,True,DisorderNet-pbias,233,60,120
Disorder-PDB,42,LINKER-Pred2,0.746341,0.780105,47,5,True,DisorderNet-pbias,233,60,120
Disorder-PDB,43,DeepDISObind-all,0.740374,0.875153,34,-9,True,DisorderNet-pbias,233,60,120
Disorder-PDB,44,LINKER-Pred,0.737827,0.769879,48,4,True,DisorderNet-pbias,233,60,120
Disorder-PDB,45,ESpritz-D,0.724465,0.873778,35,-10,True,DisorderNet-pbias,233,60,120
Disorder-PDB,46,DeepDISObind-protein,0.721662,0.864355,39,-7,True,DisorderNet-pbias,233,60,120
Disorder-PDB,47,DisEMBL-disHL,0.718468,0.696773,50,3,True,DisorderNet-pbias,233,60,120
Disorder-PDB,48,AIUPred-2-binding,0.711936,0.857532,42,-6,True,DisorderNet-pbias,233,60,120
Disorder-PDB,49,DisoRDPbind-prot,0.702648,0.853355,43,-6,True,DisorderNet-pbias,233,60,120
Disorder-PDB,50,DeepDISObind-nucleic,0.681277,0.820607,45,-5,True,DisorderNet-pbias,233,60,120
Disorder-PDB,51,LIPNet,0.563100,0.526022,53,2,True,DisorderNet-pbias,233,60,120
Disorder-PDB,52,DisoRDPbind-dna,0.552096,0.578194,51,-1,True,DisorderNet-pbias,233,60,120
Disorder-PDB,53,DFLpred,0.529652,0.346307,54,1,True,DisorderNet-pbias,233,60,120
Disorder-PDB,54,ProBiPred-nucleic,0.520509,0.545317,52,-2,True,DisorderNet-pbias,233,60,120
Disorder-PDB,55,DisoRDPbind-rna,0.407755,0.338290,55,0,True,DisorderNet-pbias,233,60,120
Disorder-PDB,56,bindEmbed21IDR-idrNuc,0.334666,0.335912,56,0,True,DisorderNet-pbias,233,60,120
Disorder-PDB,57,bindEmbed21IDR-rawNuc,0.330484,0.333699,57,0,True,DisorderNet-pbias,233,60,120
Disorder-PDB,58,ProBiPred-protein,0.319642,0.238532,60,2,True,DisorderNet-pbias,233,60,120
Disorder-PDB,59,bindEmbed21IDR-idrGeneral,0.266701,0.254361,58,-1,True,DisorderNet-pbias,233,60,120
Disorder-PDB,60,bindEmbed21IDR-rawGeneral,0.247790,0.240937,59,-1,True,DisorderNet-pbias,233,60,120
Disorder-NOX,1,DisorderNet-pbias,0.858127,0.876032,2,1,False,DisorderNet-pbias,178,60,120
Disorder-NOX,2,DisorderNet-windowed,0.857902,0.890021,1,-1,False,DisorderNet-pbias,178,60,120
Disorder-NOX,3,DisorderNet-Ensemble,0.855267,0.864042,3,0,False,DisorderNet-pbias,178,60,120
Disorder-NOX,4,flDPnn3a,0.842463,0.860240,4,0,False,DisorderNet-pbias,178,60,120
Disorder-NOX,5,flDPnn3b,0.823948,0.824106,14,9,True,DisorderNet-pbias,178,60,120
Disorder-NOX,6,AlphaFold-pLDDT,0.809386,0.777645,39,33,True,DisorderNet-pbias,178,60,120
Disorder-NOX,7,AlphaFold3-rsa,0.808547,0.838394,8,1,False,DisorderNet-pbias,178,60,120
Disorder-NOX,8,PUNCH2,0.805695,0.842215,6,-2,False,DisorderNet-pbias,178,60,120
Disorder-NOX,9,PUNCH2-Light,0.805656,0.839929,7,-2,False,DisorderNet-pbias,178,60,120
Disorder-NOX,10,rawMSA,0.803430,0.849575,5,-5,True,DisorderNet-pbias,178,60,120
Disorder-NOX,11,flDPnn2,0.802744,0.828915,11,0,True,DisorderNet-pbias,178,60,120
Disorder-NOX,12,SETH-0,0.802300,0.833060,10,-2,True,DisorderNet-pbias,178,60,120
Disorder-NOX,13,flDPlr2,0.802187,0.800132,25,12,True,DisorderNet-pbias,178,60,120
Disorder-NOX,14,AlphaFold3-pLDDT,0.801477,0.786060,33,19,True,DisorderNet-pbias,178,60,120
Disorder-NOX,15,AlphaFold-rsa,0.800572,0.835693,9,-6,False,DisorderNet-pbias,178,60,120
Disorder-NOX,16,PredIDR2-Prof-Art,0.798346,0.782892,34,18,True,DisorderNet-pbias,178,60,120
Disorder-NOX,17,Metapredict-v3,0.798109,0.809322,22,5,False,DisorderNet-pbias,178,60,120
Disorder-NOX,18,PredIDR2-Prof-Rnd,0.797781,0.797784,27,9,True,DisorderNet-pbias,178,60,120
Disorder-NOX,19,SETH-1,0.797235,0.822246,15,-4,True,DisorderNet-pbias,178,60,120
Disorder-NOX,20,LMDisorder,0.795438,0.818418,18,-2,True,DisorderNet-pbias,178,60,120
Disorder-NOX,21,PredIDR2-Seq-Art,0.791570,0.782412,35,14,True,DisorderNet-pbias,178,60,120
Disorder-NOX,22,flDPlr,0.789145,0.822083,16,-6,True,DisorderNet-pbias,178,60,120
Disorder-NOX,23,AUCpred-profile,0.785237,0.814847,19,-4,True,DisorderNet-pbias,178,60,120
Disorder-NOX,24,Metapredict-v2,0.783813,0.789501,29,5,True,DisorderNet-pbias,178,60,120
Disorder-NOX,25,DeepIDP-2L,0.782962,0.814824,20,-5,True,DisorderNet-pbias,178,60,120
Disorder-NOX,26,PredIDR2-Seq-Rnd,0.781364,0.774675,42,16,True,DisorderNet-pbias,178,60,120
Disorder-NOX,27,AlphaFold-binding,0.775552,0.824986,12,-15,True,DisorderNet-pbias,178,60,120
Disorder-NOX,28,DARUMA-beta,0.772601,0.803195,23,-5,True,DisorderNet-pbias,178,60,120
Disorder-NOX,29,AUCpred-no-profile,0.771440,0.780907,37,8,True,DisorderNet-pbias,178,60,120
Disorder-NOX,30,SPOT-Disorder-Single,0.770934,0.803165,24,-6,True,DisorderNet-pbias,178,60,120
Disorder-NOX,31,Metapredict-v1,0.769036,0.795408,28,-3,True,DisorderNet-pbias,178,60,120
Disorder-NOX,32,AIUPred-2-disorder,0.768169,0.824878,13,-19,True,DisorderNet-pbias,178,60,120
Disorder-NOX,33,AlphaFold3-binding,0.767836,0.820469,17,-16,True,DisorderNet-pbias,178,60,120
Disorder-NOX,34,IsUnstruct,0.765925,0.788219,30,-4,True,DisorderNet-pbias,178,60,120
Disorder-NOX,35,pyHCA,0.755334,0.798692,26,-9,True,DisorderNet-pbias,178,60,120
Disorder-NOX,36,ESpritz-X,0.753380,0.778775,38,2,True,DisorderNet-pbias,178,60,120
Disorder-NOX,37,MobiDB-lite,0.753023,0.787515,32,-5,True,DisorderNet-pbias,178,60,120
Disorder-NOX,38,ESpritz-N,0.748035,0.776861,41,3,True,DisorderNet-pbias,178,60,120
Disorder-NOX,39,DisoMine,0.729601,0.777423,40,1,True,DisorderNet-pbias,178,60,120
Disorder-NOX,40,ESpritz-D,0.726950,0.813385,21,-19,True,DisorderNet-pbias,178,60,120
Disorder-NOX,41,DeepDISObind-all,0.725035,0.787952,31,-10,True,DisorderNet-pbias,178,60,120
Disorder-NOX,42,DeepDISObind-protein,0.713227,0.782361,36,-6,True,DisorderNet-pbias,178,60,120
Disorder-NOX,43,DisoRDPbind-prot,0.712355,0.768134,43,0,True,DisorderNet-pbias,178,60,120
Disorder-NOX,44,DisEMBL-dis465,0.712270,0.709885,48,4,True,DisorderNet-pbias,178,60,120
Disorder-NOX,45,LINKER-Pred-Lite,0.703937,0.699647,49,4,True,DisorderNet-pbias,178,60,120
Disorder-NOX,46,LINKER-Pred2,0.685721,0.739425,45,-1,True,DisorderNet-pbias,178,60,120
Disorder-NOX,47,DisEMBL-disHL,0.684008,0.657462,50,3,True,DisorderNet-pbias,178,60,120
Disorder-NOX,48,LINKER-Pred,0.683797,0.729724,46,-2,True,DisorderNet-pbias,178,60,120
Disorder-NOX,49,AIUPred-2-binding,0.675092,0.766515,44,-5,True,DisorderNet-pbias,178,60,120
Disorder-NOX,50,DeepDISObind-nucleic,0.656500,0.722154,47,-3,True,DisorderNet-pbias,178,60,120
Disorder-NOX,51,ProBiPred-nucleic,0.532232,0.543724,52,1,True,DisorderNet-pbias,178,60,120
Disorder-NOX,52,LIPNet,0.530177,0.510422,53,1,True,DisorderNet-pbias,178,60,120
Disorder-NOX,53,DisoRDPbind-dna,0.523684,0.550869,51,-2,True,DisorderNet-pbias,178,60,120
Disorder-NOX,54,DFLpred,0.480492,0.366952,57,3,True,DisorderNet-pbias,178,60,120
Disorder-NOX,55,DisoRDPbind-rna,0.404086,0.368784,56,1,True,DisorderNet-pbias,178,60,120
Disorder-NOX,56,bindEmbed21IDR-idrNuc,0.360250,0.373842,54,-2,True,DisorderNet-pbias,178,60,120
Disorder-NOX,57,bindEmbed21IDR-rawNuc,0.355458,0.372383,55,-2,True,DisorderNet-pbias,178,60,120
Disorder-NOX,58,ProBiPred-protein,0.342231,0.317434,59,1,True,DisorderNet-pbias,178,60,120
Disorder-NOX,59,bindEmbed21IDR-idrGeneral,0.324644,0.321020,58,-1,True,DisorderNet-pbias,178,60,120
Disorder-NOX,60,bindEmbed21IDR-rawGeneral,0.308337,0.311509,60,0,True,DisorderNet-pbias,178,60,120
Binding,1,DisorderNet-Ensemble,0.758124,0.746920,16,15,False,DisorderNet-Ensemble,49,72,120
Binding,2,AlphaFold-binding,0.748133,0.771497,6,4,False,DisorderNet-Ensemble,49,72,120
Binding,3,DisorderNet-windowed,0.741619,0.792378,2,-1,False,DisorderNet-Ensemble,49,72,120
Binding,4,DisorderNet-pbias,0.732296,0.787414,3,-1,False,DisorderNet-Ensemble,49,72,120
Binding,5,AlphaFold3-binding,0.730924,0.767128,7,2,False,DisorderNet-Ensemble,49,72,120
Binding,6,LIPNet,0.708710,0.632842,60,54,False,DisorderNet-Ensemble,49,72,120
Binding,7,DisorderUnetLM,0.708377,0.721523,33,26,False,DisorderNet-Ensemble,49,72,120
Binding,8,AIUPred-2-binding,0.702350,0.763868,9,1,False,DisorderNet-Ensemble,49,72,120
Binding,9,flDPnn3a,0.687519,0.750190,14,5,False,DisorderNet-Ensemble,49,72,120
Binding,10,UdonPred-combined,0.680535,0.752869,13,3,True,DisorderNet-Ensemble,49,72,120
Binding,11,IPA-Protein-bind,0.673975,0.761268,10,-1,False,DisorderNet-Ensemble,49,72,120
Binding,12,flDPnn3b,0.671027,0.746142,17,5,True,DisorderNet-Ensemble,49,72,120
Binding,13,flDPlr,0.668161,0.740951,18,5,True,DisorderNet-Ensemble,49,72,120
Binding,14,IPA-All-bind,0.667603,0.772683,5,-9,False,DisorderNet-Ensemble,49,72,120
Binding,15,flDPnn2,0.661751,0.719279,35,20,False,DisorderNet-Ensemble,49,72,120
Binding,16,DeepDISObind-nucleic,0.655356,0.756047,11,-5,False,DisorderNet-Ensemble,49,72,120
Binding,17,ProBiPred-nucleic,0.654207,0.587700,62,45,False,DisorderNet-Ensemble,49,72,120
Binding,18,UdonPred-DisProt,0.651002,0.704452,44,26,True,DisorderNet-Ensemble,49,72,120
Binding,19,DeepDISObind-all,0.647577,0.754401,12,-7,True,DisorderNet-Ensemble,49,72,120
Binding,20,flDPnn,0.645466,0.728843,26,6,True,DisorderNet-Ensemble,49,72,120
Binding,21,ESpritz-D,0.644357,0.797226,1,-20,False,DisorderNet-Ensemble,49,72,120
Binding,22,DeepDISObind-protein,0.643617,0.749565,15,-7,True,DisorderNet-Ensemble,49,72,120
Binding,23,DeepIDP-2L,0.639970,0.766875,8,-15,True,DisorderNet-Ensemble,49,72,120
Binding,24,AlphaFold3-rsa,0.637936,0.722742,32,8,True,DisorderNet-Ensemble,49,72,120
Binding,25,AUCpred-profile,0.635746,0.735549,20,-5,True,DisorderNet-Ensemble,49,72,120
Binding,26,AlphaFold-rsa,0.628240,0.704994,43,17,True,DisorderNet-Ensemble,49,72,120
Binding,27,SETH-1,0.627768,0.689797,52,25,True,DisorderNet-Ensemble,49,72,120
Binding,28,UdonPred-TriZOD,0.626033,0.689950,51,23,True,DisorderNet-Ensemble,49,72,120
Binding,29,flDPlr2,0.624860,0.733486,23,-6,True,DisorderNet-Ensemble,49,72,120
Binding,30,DisoMine,0.624675,0.735431,21,-9,True,DisorderNet-Ensemble,49,72,120
Binding,31,LINKER-Pred2,0.622556,0.697026,46,15,True,DisorderNet-Ensemble,49,72,120
Binding,32,PredIDR2-Prof-Rnd,0.620097,0.738410,19,-13,True,DisorderNet-Ensemble,49,72,120
Binding,33,Metapredict-v3,0.619575,0.717621,37,4,True,DisorderNet-Ensemble,49,72,120
Binding,34,LINKER-Pred,0.617308,0.675780,55,21,True,DisorderNet-Ensemble,49,72,120
Binding,35,PUNCH2-Light,0.615230,0.725272,29,-6,True,DisorderNet-Ensemble,49,72,120
Binding,36,PUNCH2,0.614671,0.726133,28,-8,True,DisorderNet-Ensemble,49,72,120
Binding,37,AlphaFold3-pLDDT,0.611843,0.666322,57,20,True,DisorderNet-Ensemble,49,72,120
Binding,38,AIUPred-2-disorder,0.611296,0.732587,24,-14,True,DisorderNet-Ensemble,49,72,120
Binding,39,PredIDR2-Prof-Art,0.610697,0.728694,27,-12,True,DisorderNet-Ensemble,49,72,120
Binding,40,rawMSA,0.607197,0.780856,4,-36,True,DisorderNet-Ensemble,49,72,120
Binding,41,Metapredict-v2,0.603766,0.706638,42,1,True,DisorderNet-Ensemble,49,72,120
Binding,42,AlphaFold-pLDDT,0.603555,0.644920,58,16,True,DisorderNet-Ensemble,49,72,120
Binding,43,LMDisorder,0.603000,0.696151,48,5,True,DisorderNet-Ensemble,49,72,120
Binding,44,SETH-0,0.602826,0.690841,50,6,True,DisorderNet-Ensemble,49,72,120
Binding,45,MobiDB-lite,0.595456,0.718594,36,-9,True,DisorderNet-Ensemble,49,72,120
Binding,46,DISOPRED3-diso,0.595268,0.681797,54,8,True,DisorderNet-Ensemble,49,72,120
Binding,47,DARUMA-beta,0.595163,0.734733,22,-25,True,DisorderNet-Ensemble,49,72,120
Binding,48,AIUPred,0.593253,0.724321,31,-17,True,DisorderNet-Ensemble,49,72,120
Binding,49,ESpritz-N,0.591201,0.674880,56,7,True,DisorderNet-Ensemble,49,72,120
Binding,50,IPA-Nucleotide-bind,0.589883,0.709410,39,-11,True,DisorderNet-Ensemble,49,72,120
Binding,51,Metapredict-v1,0.589664,0.714959,38,-13,True,DisorderNet-Ensemble,49,72,120
Binding,52,SPOT-Disorder-Single,0.589602,0.731628,25,-27,True,DisorderNet-Ensemble,49,72,120
Binding,53,PredIDR2-Seq-Art,0.589494,0.684831,53,0,True,DisorderNet-Ensemble,49,72,120
Binding,54,LINKER-Pred-Lite,0.587543,0.567876,63,9,True,DisorderNet-Ensemble,49,72,120
Binding,55,DisEMBL-disHL,0.580925,0.641693,59,4,True,DisorderNet-Ensemble,49,72,120
Binding,56,AUCpred-no-profile,0.580597,0.706816,41,-15,True,DisorderNet-Ensemble,49,72,120
Binding,57,PredIDR2-Seq-Rnd,0.578036,0.692216,49,-8,True,DisorderNet-Ensemble,49,72,120
Binding,58,ESpritz-X,0.577224,0.707317,40,-18,True,DisorderNet-Ensemble,49,72,120
Binding,59,DisoRDPbind-prot,0.576503,0.724335,30,-29,True,DisorderNet-Ensemble,49,72,120
Binding,60,VSL2,0.571908,0.697531,45,-15,True,DisorderNet-Ensemble,49,72,120
Binding,61,ProBiPred-protein,0.571616,0.485059,68,7,False,DisorderNet-Ensemble,49,72,120
Binding,62,IsUnstruct,0.569786,0.696800,47,-15,True,DisorderNet-Ensemble,49,72,120
Binding,63,pyHCA,0.568362,0.720315,34,-29,True,DisorderNet-Ensemble,49,72,120
Binding,64,DISOPRED3-bind,0.560215,0.563196,64,0,True,DisorderNet-Ensemble,49,72,120
Binding,65,bindEmbed21IDR-idrGeneral,0.540069,0.451938,69,4,True,DisorderNet-Ensemble,49,72,120
Binding,66,DisEMBL-dis465,0.539677,0.621292,61,-5,True,DisorderNet-Ensemble,49,72,120
Binding,67,bindEmbed21IDR-rawGeneral,0.532487,0.450728,70,3,True,DisorderNet-Ensemble,49,72,120
Binding,68,DisoRDPbind-dna,0.525878,0.562985,65,-3,True,DisorderNet-Ensemble,49,72,120
Binding,69,bindEmbed21IDR-idrNuc,0.519408,0.496935,67,-2,True,DisorderNet-Ensemble,49,72,120
Binding,70,bindEmbed21IDR-rawNuc,0.517836,0.499077,66,-4,True,DisorderNet-Ensemble,49,72,120
Binding,71,DisoRDPbind-rna,0.430249,0.440906,71,0,True,DisorderNet-Ensemble,49,72,120
Binding,72,DFLpred,0.410360,0.319747,72,0,True,DisorderNet-Ensemble,49,72,120
Binding-IDR,1,LIPNet,0.722302,0.619452,3,2,False,LIPNet,42,72,120
Binding-IDR,2,bindEmbed21IDR-idrGeneral,0.693518,0.635364,2,0,False,LIPNet,42,72,120
Binding-IDR,3,bindEmbed21IDR-rawGeneral,0.693359,0.640662,1,-2,False,LIPNet,42,72,120
Binding-IDR,4,ProBiPred-protein,0.674157,0.612992,4,0,False,LIPNet,42,72,120
Binding-IDR,5,AIUPred-2-binding,0.666348,0.590353,6,1,False,LIPNet,42,72,120
Binding-IDR,6,DisorderNet-pbias,0.662797,0.606238,5,-1,False,LIPNet,42,72,120
Binding-IDR,7,ProBiPred-nucleic,0.649187,0.542124,13,6,False,LIPNet,42,72,120
Binding-IDR,8,DisorderNet-windowed,0.642912,0.494490,20,12,False,LIPNet,42,72,120
Binding-IDR,9,DisorderNet-Ensemble,0.632158,0.537151,14,5,False,LIPNet,42,72,120
Binding-IDR,10,bindEmbed21IDR-rawNuc,0.598207,0.581996,8,-2,False,LIPNet,42,72,120
Binding-IDR,11,bindEmbed21IDR-idrNuc,0.598080,0.579091,9,-2,False,LIPNet,42,72,120
Binding-IDR,12,DeepDISObind-nucleic,0.595894,0.523839,15,3,False,LIPNet,42,72,120
Binding-IDR,13,AlphaFold-binding,0.594033,0.517532,16,3,False,LIPNet,42,72,120
Binding-IDR,14,IPA-Protein-bind,0.585251,0.473362,26,12,False,LIPNet,42,72,120
Binding-IDR,15,AlphaFold3-binding,0.578435,0.511352,17,2,False,LIPNet,42,72,120
Binding-IDR,16,IPA-All-bind,0.568781,0.484572,23,7,False,LIPNet,42,72,120
Binding-IDR,17,ESpritz-D,0.565727,0.587196,7,-10,False,LIPNet,42,72,120
Binding-IDR,18,DeepDISObind-all,0.556071,0.497444,19,1,False,LIPNet,42,72,120
Binding-IDR,19,DeepDISObind-protein,0.547020,0.493412,21,2,False,LIPNet,42,72,120
Binding-IDR,20,DisoRDPbind-rna,0.514470,0.574876,10,-10,True,LIPNet,42,72,120
Binding-IDR,21,flDPnn3b,0.512684,0.484342,24,3,False,LIPNet,42,72,120
Binding-IDR,22,DisoRDPbind-dna,0.509913,0.542176,12,-10,True,LIPNet,42,72,120
Binding-IDR,23,DisorderUnetLM,0.498745,0.364188,67,44,False,LIPNet,42,72,120
Binding-IDR,24,DISOPRED3-bind,0.493688,0.474314,25,1,True,LIPNet,42,72,120
Binding-IDR,25,UdonPred-combined,0.484728,0.446247,34,9,True,LIPNet,42,72,120
Binding-IDR,26,IPA-Nucleotide-bind,0.482915,0.463963,27,1,True,LIPNet,42,72,120
Binding-IDR,27,DisoMine,0.482837,0.453385,31,4,False,LIPNet,42,72,120
Binding-IDR,28,UdonPred-DisProt,0.475929,0.415606,53,25,True,LIPNet,42,72,120
Binding-IDR,29,flDPnn2,0.460830,0.375304,64,35,True,LIPNet,42,72,120
Binding-IDR,30,DisEMBL-disHL,0.460471,0.508975,18,-12,True,LIPNet,42,72,120
Binding-IDR,31,flDPnn3a,0.456963,0.422204,49,18,True,LIPNet,42,72,120
Binding-IDR,32,flDPlr,0.454387,0.443566,37,5,True,LIPNet,42,72,120
Binding-IDR,33,DisoRDPbind-prot,0.448115,0.450009,32,-1,True,LIPNet,42,72,120
Binding-IDR,34,VSL2,0.448107,0.440293,38,4,True,LIPNet,42,72,120
Binding-IDR,35,AUCpred-profile,0.444145,0.460421,28,-7,True,LIPNet,42,72,120
Binding-IDR,36,ESpritz-X,0.439528,0.438561,39,3,True,LIPNet,42,72,120
Binding-IDR,37,PredIDR2-Prof-Rnd,0.438350,0.431893,43,6,True,LIPNet,42,72,120
Binding-IDR,38,DeepIDP-2L,0.434466,0.491663,22,-16,True,LIPNet,42,72,120
Binding-IDR,39,AIUPred,0.433292,0.422042,50,11,True,LIPNet,42,72,120
Binding-IDR,40,flDPnn,0.431602,0.394512,59,19,True,LIPNet,42,72,120
Binding-IDR,41,flDPlr2,0.430715,0.428485,46,5,True,LIPNet,42,72,120
Binding-IDR,42,MobiDB-lite,0.424540,0.437657,40,-2,True,LIPNet,42,72,120
Binding-IDR,43,LMDisorder,0.424412,0.409871,54,11,True,LIPNet,42,72,120
Binding-IDR,44,rawMSA,0.423856,0.560014,11,-33,True,LIPNet,42,72,120
Binding-IDR,45,SETH-1,0.422640,0.369217,66,21,True,LIPNet,42,72,120
Binding-IDR,46,DARUMA-beta,0.422310,0.453398,30,-16,True,LIPNet,42,72,120
Binding-IDR,47,PredIDR2-Seq-Rnd,0.420625,0.385049,62,15,True,LIPNet,42,72,120
Binding-IDR,48,Metapredict-v3,0.419834,0.383487,63,15,True,LIPNet,42,72,120
Binding-IDR,49,IsUnstruct,0.418064,0.431727,44,-5,True,LIPNet,42,72,120
Binding-IDR,50,AlphaFold3-rsa,0.416397,0.356017,69,19,True,LIPNet,42,72,120
Binding-IDR,51,PredIDR2-Seq-Art,0.413550,0.371834,65,14,True,LIPNet,42,72,120
Binding-IDR,52,ESpritz-N,0.412838,0.397965,58,6,True,LIPNet,42,72,120
Binding-IDR,53,AUCpred-no-profile,0.411816,0.446388,33,-20,True,LIPNet,42,72,120
Binding-IDR,54,SPOT-Disorder-Single,0.409519,0.445366,36,-18,True,LIPNet,42,72,120
Binding-IDR,55,PUNCH2-Light,0.408309,0.400783,56,1,True,LIPNet,42,72,120
Binding-IDR,56,PUNCH2,0.406859,0.389865,60,4,True,LIPNet,42,72,120
Binding-IDR,57,pyHCA,0.406588,0.445416,35,-22,True,LIPNet,42,72,120
Binding-IDR,58,Metapredict-v1,0.406083,0.422943,48,-10,True,LIPNet,42,72,120
Binding-IDR,59,DISOPRED3-diso,0.401854,0.434252,42,-17,True,LIPNet,42,72,120
Binding-IDR,60,PredIDR2-Prof-Art,0.396405,0.435785,41,-19,True,LIPNet,42,72,120
Binding-IDR,61,AlphaFold-rsa,0.395464,0.322049,72,11,True,LIPNet,42,72,120
Binding-IDR,62,AIUPred-2-disorder,0.394106,0.418139,52,-10,True,LIPNet,42,72,120
Binding-IDR,63,DFLpred,0.392810,0.418765,51,-12,True,LIPNet,42,72,120
Binding-IDR,64,DisEMBL-dis465,0.382712,0.423291,47,-17,True,LIPNet,42,72,120
Binding-IDR,65,UdonPred-TriZOD,0.379588,0.400067,57,-8,True,LIPNet,42,72,120
Binding-IDR,66,LINKER-Pred2,0.370623,0.457087,29,-37,True,LIPNet,42,72,120
Binding-IDR,67,Metapredict-v2,0.369318,0.404150,55,-12,True,LIPNet,42,72,120
Binding-IDR,68,LINKER-Pred,0.366878,0.429797,45,-23,True,LIPNet,42,72,120
Binding-IDR,69,SETH-0,0.362475,0.348673,71,2,True,LIPNet,42,72,120
Binding-IDR,70,LINKER-Pred-Lite,0.354608,0.355984,70,0,True,LIPNet,42,72,120
Binding-IDR,71,AlphaFold3-pLDDT,0.349495,0.387094,61,-10,True,LIPNet,42,72,120
Binding-IDR,72,AlphaFold-pLDDT,0.330603,0.361582,68,-4,True,LIPNet,42,72,120
Linker,1,DisorderNet-Ensemble,0.891698,0.913732,2,1,False,DisorderNet-Ensemble,31,93,120
Linker,2,DisorderNet-windowed,0.879064,0.915443,1,-1,False,DisorderNet-Ensemble,31,93,120
Linker,3,DisorderNet-pbias,0.861522,0.890789,3,0,False,DisorderNet-Ensemble,31,93,120
Linker,4,LINKER-Pred2,0.858721,0.874617,4,0,False,DisorderNet-Ensemble,31,93,120
Linker,5,LINKER-Pred,0.856947,0.869951,5,0,False,DisorderNet-Ensemble,31,93,120
Linker,6,LINKER-Pred-Lite,0.829903,0.854306,6,0,False,DisorderNet-Ensemble,31,93,120
Linker,7,AlphaFold-pLDDT,0.817521,0.772633,37,30,True,DisorderNet-Ensemble,31,93,120
Linker,8,APOD,0.816666,0.843003,8,0,True,DisorderNet-Ensemble,31,93,120
Linker,9,DisorderUnetLM,0.797276,0.851229,7,-2,True,DisorderNet-Ensemble,31,93,120
Linker,10,SETH-0,0.795389,0.822095,13,3,True,DisorderNet-Ensemble,31,93,120
Linker,11,UdonPred-TriZOD,0.794814,0.768889,44,33,True,DisorderNet-Ensemble,31,93,120
Linker,12,AlphaFold3-pLDDT,0.788385,0.797130,26,14,True,DisorderNet-Ensemble,31,93,120
Linker,13,SETH-1,0.788310,0.804191,20,7,True,DisorderNet-Ensemble,31,93,120
Linker,14,PredIDR2-Seq-Art,0.773639,0.808274,17,3,True,DisorderNet-Ensemble,31,93,120
Linker,15,AlphaFold3-binding,0.767893,0.790789,29,14,True,DisorderNet-Ensemble,31,93,120
Linker,16,LMDisorder,0.766088,0.783121,31,15,True,DisorderNet-Ensemble,31,93,120
Linker,17,PredIDR2-Seq-Rnd,0.764605,0.797251,25,8,True,DisorderNet-Ensemble,31,93,120
Linker,18,AUCpred-profile,0.764134,0.822918,12,-6,True,DisorderNet-Ensemble,31,93,120
Linker,19,PUNCH2-Light,0.762918,0.790802,28,9,True,DisorderNet-Ensemble,31,93,120
Linker,20,rawMSA-disorder,0.761292,0.782257,34,14,True,DisorderNet-Ensemble,31,93,120
Linker,21,flDPnn3a,0.758891,0.841206,9,-12,True,DisorderNet-Ensemble,31,93,120
Linker,22,flDPnn3b,0.758070,0.835304,10,-12,True,DisorderNet-Ensemble,31,93,120
Linker,23,PredIDR2-Prof-Rnd,0.757467,0.804368,19,-4,True,DisorderNet-Ensemble,31,93,120
Linker,24,AlphaFold3-rsa,0.756604,0.809760,16,-8,True,DisorderNet-Ensemble,31,93,120
Linker,25,PUNCH2,0.755308,0.788082,30,5,True,DisorderNet-Ensemble,31,93,120
Linker,26,AlphaFold-rsa,0.753895,0.800128,23,-3,True,DisorderNet-Ensemble,31,93,120
Linker,27,DeepIDP-2L,0.753597,0.799879,24,-3,True,DisorderNet-Ensemble,31,93,120
Linker,28,PredIDR2-Prof-Art,0.750517,0.782326,33,5,True,DisorderNet-Ensemble,31,93,120
Linker,29,AlphaFold-binding,0.748183,0.800642,22,-7,True,DisorderNet-Ensemble,31,93,120
Linker,30,SPOT-Disorder,0.747324,0.782799,32,2,True,DisorderNet-Ensemble,31,93,120
Linker,31,RONN,0.742324,0.766833,45,14,True,DisorderNet-Ensemble,31,93,120
Linker,32,s2D-2,0.741778,0.722118,62,30,True,DisorderNet-Ensemble,31,93,120
Linker,33,DISOPRED3-diso,0.739532,0.756056,53,20,True,DisorderNet-Ensemble,31,93,120
Linker,34,Metapredict-v2,0.734593,0.770939,42,8,True,DisorderNet-Ensemble,31,93,120
Linker,35,flDPnn,0.733492,0.827416,11,-24,True,DisorderNet-Ensemble,31,93,120
Linker,36,flDPlr,0.732716,0.809972,15,-21,True,DisorderNet-Ensemble,31,93,120
Linker,37,Metapredict-v3,0.730633,0.772026,39,2,True,DisorderNet-Ensemble,31,93,120
Linker,38,UdonPred-DisProt,0.728747,0.794095,27,-11,True,DisorderNet-Ensemble,31,93,120
Linker,39,rawMSA,0.723512,0.771640,41,2,True,DisorderNet-Ensemble,31,93,120
Linker,40,UdonPred-combined,0.723045,0.817538,14,-26,True,DisorderNet-Ensemble,31,93,120
Linker,41,VSL2,0.721427,0.759286,50,9,True,DisorderNet-Ensemble,31,93,120
Linker,42,ESpritz-N,0.721419,0.760651,47,5,True,DisorderNet-Ensemble,31,93,120
Linker,43,Metapredict-v1,0.715427,0.761406,46,3,True,DisorderNet-Ensemble,31,93,120
Linker,44,NeProc2-beta-disorder,0.711300,0.773350,36,-8,True,DisorderNet-Ensemble,31,93,120
Linker,45,IsUnstruct,0.710954,0.756288,52,7,True,DisorderNet-Ensemble,31,93,120
Linker,46,flDPlr2,0.710940,0.806278,18,-28,True,DisorderNet-Ensemble,31,93,120
Linker,47,AUCpred-no-profile,0.710495,0.780201,35,-12,True,DisorderNet-Ensemble,31,93,120
Linker,48,DisoPred,0.706791,0.741965,57,9,True,DisorderNet-Ensemble,31,93,120
Linker,49,MobiDB-lite,0.705684,0.760647,48,-1,True,DisorderNet-Ensemble,31,93,120
Linker,50,flDPnn2,0.704170,0.804141,21,-29,True,DisorderNet-Ensemble,31,93,120
Linker,51,SPOT-Disorder-Single,0.699173,0.771648,40,-11,True,DisorderNet-Ensemble,31,93,120
Linker,52,ESpritz-X,0.699009,0.772105,38,-14,True,DisorderNet-Ensemble,31,93,120
Linker,53,IUPred3,0.696173,0.723621,61,8,True,DisorderNet-Ensemble,31,93,120
Linker,54,NeProc2-beta-binding,0.692425,0.750947,55,1,True,DisorderNet-Ensemble,31,93,120
Linker,55,AIUPred-2-disorder,0.687012,0.770518,43,-12,True,DisorderNet-Ensemble,31,93,120
Linker,56,DARUMA-beta,0.685698,0.752787,54,-2,True,DisorderNet-Ensemble,31,93,120
Linker,57,DRPBind-protein,0.679036,0.677811,73,16,True,DisorderNet-Ensemble,31,93,120
Linker,58,ENSHROUD-all,0.677594,0.702643,67,9,True,DisorderNet-Ensemble,31,93,120
Linker,59,DisEMBL-dis465,0.676130,0.707820,65,6,True,DisorderNet-Ensemble,31,93,120
Linker,60,DisEMBL-disHL,0.673518,0.687168,71,11,True,DisorderNet-Ensemble,31,93,120
Linker,61,ENSHROUD-protein,0.666592,0.714201,63,2,True,DisorderNet-Ensemble,31,93,120
Linker,62,pyHCA,0.650787,0.758521,51,-11,True,DisorderNet-Ensemble,31,93,120
Linker,63,AIUPred,0.648531,0.706819,66,3,True,DisorderNet-Ensemble,31,93,120
Linker,64,DRPBind-DNA,0.640336,0.759701,49,-15,True,DisorderNet-Ensemble,31,93,120
Linker,65,DisoMine,0.629606,0.712021,64,-1,True,DisorderNet-Ensemble,31,93,120
Linker,66,ENSHROUD-nucleic,0.620003,0.658220,76,10,True,DisorderNet-Ensemble,31,93,120
Linker,67,DFLpred,0.615841,0.473163,86,19,True,DisorderNet-Ensemble,31,93,120
Linker,68,DISOPRED3-bind,0.614775,0.629244,79,11,True,DisorderNet-Ensemble,31,93,120
Linker,69,DisoRDPbind-dna,0.608499,0.634642,78,9,True,DisorderNet-Ensemble,31,93,120
Linker,70,DRPBind-RNA,0.604306,0.687286,70,0,True,DisorderNet-Ensemble,31,93,120
Linker,71,DisPredict2,0.600091,0.700265,68,-3,True,DisorderNet-Ensemble,31,93,120
Linker,72,ProBiPred-nucleic,0.600011,0.564435,83,11,True,DisorderNet-Ensemble,31,93,120
Linker,73,DisoRDPbind-prot,0.586201,0.652973,77,4,True,DisorderNet-Ensemble,31,93,120
Linker,74,DeepDRPBind-RNA,0.569788,0.750706,56,-18,True,DisorderNet-Ensemble,31,93,120
Linker,75,AIUPred-2-binding,0.553607,0.670453,75,0,True,DisorderNet-Ensemble,31,93,120
Linker,76,DeepDISObind-all,0.546265,0.724718,59,-17,True,DisorderNet-Ensemble,31,93,120
Linker,77,DeepDISObind-protein,0.543100,0.723840,60,-17,True,DisorderNet-Ensemble,31,93,120
Linker,78,LIPNet,0.541993,0.472856,87,9,True,DisorderNet-Ensemble,31,93,120
Linker,79,DeepDISObind-nucleic,0.536608,0.732890,58,-21,True,DisorderNet-Ensemble,31,93,120
Linker,80,ESpritz-D,0.535414,0.679329,72,-8,True,DisorderNet-Ensemble,31,93,120
Linker,81,OPAL,0.522458,0.693660,69,-12,True,DisorderNet-Ensemble,31,93,120
Linker,82,ANCHOR2,0.517433,0.586613,81,-1,True,DisorderNet-Ensemble,31,93,120
Linker,83,DeepDRPBind-protein,0.514773,0.672427,74,-9,True,DisorderNet-Ensemble,31,93,120
Linker,84,MoRFchibi-light,0.490123,0.593475,80,-4,True,DisorderNet-Ensemble,31,93,120
Linker,85,MoRFchibi,0.470570,0.474820,85,0,True,DisorderNet-Ensemble,31,93,120
Linker,86,DeepDRPBind-DNA,0.468806,0.571295,82,-4,True,DisorderNet-Ensemble,31,93,120
Linker,87,MoRFchibi-web,0.442654,0.516495,84,-3,True,DisorderNet-Ensemble,31,93,120
Linker,88,DisoRDPbind-rna,0.427166,0.435643,88,0,True,DisorderNet-Ensemble,31,93,120
Linker,89,bindEmbed21IDR-idrNuc,0.390889,0.360079,89,0,True,DisorderNet-Ensemble,31,93,120
Linker,90,bindEmbed21IDR-rawNuc,0.386523,0.358890,90,0,True,DisorderNet-Ensemble,31,93,120
Linker,91,ProBiPred-protein,0.375251,0.286345,91,0,True,DisorderNet-Ensemble,31,93,120
Linker,92,bindEmbed21IDR-idrGeneral,0.362053,0.250312,92,0,True,DisorderNet-Ensemble,31,93,120
Linker,93,bindEmbed21IDR-rawGeneral,0.339067,0.243265,93,0,True,DisorderNet-Ensemble,31,93,120
