benchmark,method,alpha,flagged_median,flagged_iqr_lo,flagged_iqr_hi,realised_risk_median,flagged_per_protein,calibration_credit,n_splits
Disorder-PDB,AIUPred-2-binding,0.2,0.5612,0.5238,0.5912,0.2110,0.5820,0.0208,12
Disorder-PDB,AIUPred-2-binding,0.1,0.7104,0.6659,0.7484,0.0961,0.7800,0.0696,12
Disorder-PDB,AIUPred-2-binding,0.05,0.8265,0.7976,0.8559,0.0384,0.8890,0.0625,12
Disorder-PDB,AIUPred-2-disorder,0.2,0.4380,0.4037,0.4654,0.2083,0.3960,-0.0420,12
Disorder-PDB,AIUPred-2-disorder,0.1,0.6066,0.5618,0.6496,0.0876,0.5980,-0.0086,12
Disorder-PDB,AIUPred-2-disorder,0.05,0.7538,0.7170,0.8160,0.0417,0.7550,0.0012,12
Disorder-PDB,ANCHOR2,0.2,0.6835,0.6630,0.6903,0.2145,0.6390,-0.0445,12
Disorder-PDB,ANCHOR2,0.1,0.8136,0.7928,0.8247,0.1050,0.8440,0.0304,12
Disorder-PDB,ANCHOR2,0.05,0.9091,0.8839,0.9160,0.0503,0.9400,0.0309,12
Disorder-PDB,AUCpred-no-profile,0.2,0.3916,0.3661,0.4043,0.1945,0.3790,-0.0126,12
Disorder-PDB,AUCpred-no-profile,0.1,0.5814,0.5506,0.6057,0.0875,0.5620,-0.0194,12
Disorder-PDB,AUCpred-no-profile,0.05,0.7408,0.7081,0.7645,0.0387,0.7530,0.0122,12
Disorder-PDB,AUCpred-profile,0.2,0.3031,0.2938,0.3288,0.2051,0.3070,0.0039,12
Disorder-PDB,AUCpred-profile,0.1,0.4664,0.4355,0.4866,0.0875,0.4940,0.0276,12
Disorder-PDB,AUCpred-profile,0.05,0.6251,0.5896,0.6374,0.0373,0.6850,0.0599,12
Disorder-PDB,AlphaFold-binding,0.2,0.3086,0.2948,0.3426,0.2031,0.3370,0.0284,12
Disorder-PDB,AlphaFold-binding,0.1,0.4755,0.4384,0.4979,0.1065,0.4870,0.0115,12
Disorder-PDB,AlphaFold-binding,0.05,0.6444,0.6117,0.6656,0.0491,0.6460,0.0016,12
Disorder-PDB,AlphaFold-pLDDT,0.2,0.2561,0.2397,0.2753,0.2073,0.2770,0.0209,12
Disorder-PDB,AlphaFold-pLDDT,0.1,0.3800,0.3468,0.4103,0.1093,0.4400,0.0600,12
Disorder-PDB,AlphaFold-pLDDT,0.05,0.5361,0.5027,0.5836,0.0502,0.6160,0.0799,12
Disorder-PDB,AlphaFold-rsa,0.2,0.3085,0.2949,0.3425,0.2028,0.2920,-0.0165,12
Disorder-PDB,AlphaFold-rsa,0.1,0.4755,0.4383,0.4979,0.1065,0.4490,-0.0265,12
Disorder-PDB,AlphaFold-rsa,0.05,0.6444,0.6117,0.6656,0.0491,0.6080,-0.0364,12
Disorder-PDB,AlphaFold3-binding,0.2,0.2977,0.2920,0.3252,0.2090,0.3460,0.0483,12
Disorder-PDB,AlphaFold3-binding,0.1,0.4597,0.4329,0.5209,0.1046,0.5050,0.0453,12
Disorder-PDB,AlphaFold3-binding,0.05,0.6314,0.6023,0.6845,0.0476,0.6680,0.0366,12
Disorder-PDB,AlphaFold3-pLDDT,0.2,0.2564,0.2436,0.2725,0.2151,0.2770,0.0206,12
Disorder-PDB,AlphaFold3-pLDDT,0.1,0.3742,0.3511,0.4118,0.1042,0.4430,0.0688,12
Disorder-PDB,AlphaFold3-pLDDT,0.05,0.5347,0.5171,0.5946,0.0474,0.6280,0.0933,12
Disorder-PDB,AlphaFold3-rsa,0.2,0.2978,0.2920,0.3252,0.2088,0.2830,-0.0148,12
Disorder-PDB,AlphaFold3-rsa,0.1,0.4584,0.4329,0.5209,0.1046,0.4560,-0.0024,12
Disorder-PDB,AlphaFold3-rsa,0.05,0.6314,0.6023,0.6845,0.0476,0.6020,-0.0294,12
Disorder-PDB,DARUMA-beta,0.2,0.4264,0.3940,0.4611,0.1861,0.4020,-0.0244,12
Disorder-PDB,DARUMA-beta,0.1,0.6124,0.5692,0.6316,0.0939,0.5960,-0.0164,12
Disorder-PDB,DARUMA-beta,0.05,0.7539,0.7287,0.7742,0.0498,0.7440,-0.0099,12
Disorder-PDB,DFLpred,0.2,0.8446,0.8356,0.8709,0.1865,0.8400,-0.0046,12
Disorder-PDB,DFLpred,0.1,0.9362,0.9262,0.9442,0.0882,0.9300,-0.0062,12
Disorder-PDB,DFLpred,0.05,0.9747,0.9658,0.9767,0.0426,0.9700,-0.0047,12
Disorder-PDB,DeepDISObind-all,0.2,0.6392,0.6250,0.6583,0.2054,0.5920,-0.0472,12
Disorder-PDB,DeepDISObind-all,0.1,0.7977,0.7795,0.8125,0.0955,0.7660,-0.0317,12
Disorder-PDB,DeepDISObind-all,0.05,0.9078,0.8792,0.9226,0.0447,0.8840,-0.0238,12
Disorder-PDB,DeepDISObind-nucleic,0.2,0.6375,0.6209,0.6727,0.2167,0.6410,0.0035,12
Disorder-PDB,DeepDISObind-nucleic,0.1,0.8063,0.7947,0.8420,0.1051,0.8240,0.0177,12
Disorder-PDB,DeepDISObind-nucleic,0.05,0.9101,0.8914,0.9211,0.0386,0.9210,0.0109,12
Disorder-PDB,DeepDISObind-protein,0.2,0.6664,0.6363,0.6889,0.1955,0.6300,-0.0364,12
Disorder-PDB,DeepDISObind-protein,0.1,0.8364,0.8095,0.8500,0.0907,0.7770,-0.0594,12
Disorder-PDB,DeepDISObind-protein,0.05,0.9347,0.9212,0.9400,0.0427,0.8920,-0.0427,12
Disorder-PDB,DeepIDP-2L,0.2,0.3534,0.3463,0.3828,0.2049,0.3310,-0.0224,12
Disorder-PDB,DeepIDP-2L,0.1,0.5019,0.4809,0.5082,0.0972,0.5390,0.0371,12
Disorder-PDB,DeepIDP-2L,0.05,0.6314,0.6176,0.6541,0.0514,0.7210,0.0896,12
Disorder-PDB,DisEMBL-dis465,0.2,0.5073,0.4797,0.5262,0.2035,0.5130,0.0057,12
Disorder-PDB,DisEMBL-dis465,0.1,0.7053,0.6881,0.7257,0.0992,0.7130,0.0077,12
Disorder-PDB,DisEMBL-dis465,0.05,0.8398,0.8307,0.8677,0.0486,0.8480,0.0082,12
Disorder-PDB,DisEMBL-disHL,0.2,0.5774,0.5699,0.6066,0.1899,0.5950,0.0176,12
Disorder-PDB,DisEMBL-disHL,0.1,0.7414,0.7213,0.7534,0.0848,0.7530,0.0116,12
Disorder-PDB,DisEMBL-disHL,0.05,0.8521,0.8277,0.8602,0.0367,0.8700,0.0179,12
Disorder-PDB,DisPredict2,0.2,0.7717,0.7509,0.7914,0.1772,0.7380,-0.0337,12
Disorder-PDB,DisPredict2,0.1,0.9074,0.8942,0.9150,0.0836,0.8860,-0.0214,12
Disorder-PDB,DisPredict2,0.05,0.9664,0.9600,0.9728,0.0456,0.9540,-0.0124,12
Disorder-PDB,DisoMine,0.2,0.5505,0.5309,0.5798,0.2177,0.4920,-0.0585,12
Disorder-PDB,DisoMine,0.1,0.7201,0.6946,0.7435,0.1022,0.6810,-0.0391,12
Disorder-PDB,DisoMine,0.05,0.8514,0.8185,0.8776,0.0541,0.8260,-0.0254,12
Disorder-PDB,DisoRDPbind-dna,0.2,0.7515,0.7409,0.7951,0.2121,0.7790,0.0275,12
Disorder-PDB,DisoRDPbind-dna,0.1,0.8850,0.8805,0.9058,0.0978,0.8980,0.0130,12
Disorder-PDB,DisoRDPbind-dna,0.05,0.9586,0.9542,0.9641,0.0355,0.9530,-0.0056,12
Disorder-PDB,DisoRDPbind-prot,0.2,0.6513,0.6362,0.6863,0.2017,0.6560,0.0047,12
Disorder-PDB,DisoRDPbind-prot,0.1,0.8181,0.7964,0.8420,0.0980,0.8320,0.0139,12
Disorder-PDB,DisoRDPbind-prot,0.05,0.9283,0.9204,0.9398,0.0451,0.9270,-0.0013,12
Disorder-PDB,DisoRDPbind-rna,0.2,0.8853,0.8732,0.8964,0.1896,0.8680,-0.0173,12
Disorder-PDB,DisoRDPbind-rna,0.1,0.9517,0.9409,0.9585,0.0991,0.9430,-0.0087,12
Disorder-PDB,DisoRDPbind-rna,0.05,0.9823,0.9788,0.9859,0.0437,0.9750,-0.0073,12
Disorder-PDB,ENSHROUD-all,0.2,0.4785,0.4526,0.4918,0.2236,0.4540,-0.0245,12
Disorder-PDB,ENSHROUD-all,0.1,0.6701,0.6508,0.6899,0.1031,0.6490,-0.0211,12
Disorder-PDB,ENSHROUD-all,0.05,0.7950,0.7681,0.8236,0.0500,0.8270,0.0320,12
Disorder-PDB,ENSHROUD-nucleic,0.2,0.5291,0.5060,0.5502,0.2066,0.5220,-0.0071,12
Disorder-PDB,ENSHROUD-nucleic,0.1,0.7006,0.6892,0.7174,0.1049,0.7090,0.0084,12
Disorder-PDB,ENSHROUD-nucleic,0.05,0.8451,0.8293,0.8583,0.0479,0.8380,-0.0071,12
Disorder-PDB,ENSHROUD-protein,0.2,0.4741,0.4556,0.4890,0.2062,0.4250,-0.0491,12
Disorder-PDB,ENSHROUD-protein,0.1,0.6226,0.5933,0.6470,0.1024,0.6270,0.0044,12
Disorder-PDB,ENSHROUD-protein,0.05,0.7465,0.7091,0.7606,0.0444,0.7720,0.0255,12
Disorder-PDB,ESpritz-D,0.2,0.6306,0.6262,0.6725,0.2099,0.5970,-0.0336,12
Disorder-PDB,ESpritz-D,0.1,0.8009,0.7695,0.8268,0.1112,0.7500,-0.0509,12
Disorder-PDB,ESpritz-D,0.05,0.8762,0.8639,0.8837,0.0401,0.8650,-0.0112,12
Disorder-PDB,ESpritz-N,0.2,0.4522,0.4274,0.4698,0.1889,0.4150,-0.0372,12
Disorder-PDB,ESpritz-N,0.1,0.6391,0.6115,0.6600,0.1011,0.6340,-0.0051,12
Disorder-PDB,ESpritz-N,0.05,0.7880,0.7666,0.8156,0.0524,0.8010,0.0130,12
Disorder-PDB,ESpritz-X,0.2,0.4274,0.4012,0.4617,0.2103,0.4040,-0.0234,12
Disorder-PDB,ESpritz-X,0.1,0.6254,0.5951,0.6420,0.0967,0.6280,0.0026,12
Disorder-PDB,ESpritz-X,0.05,0.7799,0.7450,0.7997,0.0409,0.7860,0.0061,12
Disorder-PDB,IUPred3,0.2,0.5088,0.4666,0.5347,0.1872,0.4720,-0.0368,12
Disorder-PDB,IUPred3,0.1,0.7127,0.6879,0.7361,0.0914,0.6650,-0.0477,12
Disorder-PDB,IUPred3,0.05,0.8291,0.8105,0.8487,0.0471,0.8210,-0.0081,12
Disorder-PDB,IsUnstruct,0.2,0.4248,0.3970,0.4382,0.2026,0.3990,-0.0258,12
Disorder-PDB,IsUnstruct,0.1,0.6029,0.5743,0.6114,0.0907,0.5900,-0.0129,12
Disorder-PDB,IsUnstruct,0.05,0.7593,0.7349,0.7755,0.0396,0.7490,-0.0103,12
Disorder-PDB,LINKER-Pred-Lite,0.2,0.5962,0.5784,0.6035,0.1641,0.5750,-0.0212,12
Disorder-PDB,LINKER-Pred-Lite,0.1,0.8183,0.7674,0.8369,0.0824,0.7880,-0.0303,12
Disorder-PDB,LINKER-Pred-Lite,0.05,0.8975,0.8743,0.9077,0.0428,0.9520,0.0545,12
Disorder-PDB,LINKER-Pred,0.2,0.6187,0.5709,0.6240,0.1704,0.5900,-0.0287,12
Disorder-PDB,LINKER-Pred,0.1,0.7748,0.7453,0.7960,0.0762,0.7880,0.0132,12
Disorder-PDB,LINKER-Pred,0.05,0.8816,0.8603,0.8989,0.0351,0.9330,0.0514,12
Disorder-PDB,LINKER-Pred2,0.2,0.5975,0.5666,0.6122,0.1730,0.5790,-0.0185,12
Disorder-PDB,LINKER-Pred2,0.1,0.7546,0.7430,0.7892,0.0851,0.7870,0.0324,12
Disorder-PDB,LINKER-Pred2,0.05,0.8899,0.8408,0.9000,0.0327,0.9160,0.0261,12
Disorder-PDB,LIPNet,0.2,0.7431,0.7234,0.7715,0.1656,0.7570,0.0139,12
Disorder-PDB,LIPNet,0.1,0.8883,0.8731,0.9020,0.0725,0.9000,0.0117,12
Disorder-PDB,LIPNet,0.05,0.9533,0.9395,0.9587,0.0331,0.9580,0.0047,12
Disorder-PDB,LMDisorder,0.2,0.2922,0.2799,0.3112,0.2153,0.2980,0.0058,12
Disorder-PDB,LMDisorder,0.1,0.4004,0.3820,0.4342,0.1071,0.4770,0.0766,12
Disorder-PDB,LMDisorder,0.05,0.5585,0.5469,0.5777,0.0407,0.6430,0.0845,12
Disorder-PDB,Metapredict-v1,0.2,0.4403,0.4048,0.4667,0.1936,0.4090,-0.0313,12
Disorder-PDB,Metapredict-v1,0.1,0.6115,0.5824,0.6252,0.0875,0.6070,-0.0045,12
Disorder-PDB,Metapredict-v1,0.05,0.7635,0.7254,0.7721,0.0365,0.7810,0.0175,12
Disorder-PDB,Metapredict-v2,0.2,0.3681,0.3540,0.3893,0.1956,0.3640,-0.0041,12
Disorder-PDB,Metapredict-v2,0.1,0.5554,0.5025,0.5832,0.0750,0.5430,-0.0124,12
Disorder-PDB,Metapredict-v2,0.05,0.7225,0.6807,0.7529,0.0362,0.7170,-0.0055,12
Disorder-PDB,Metapredict-v3,0.2,0.3961,0.3682,0.4132,0.2083,0.3820,-0.0141,12
Disorder-PDB,Metapredict-v3,0.1,0.5880,0.5792,0.6012,0.1070,0.5380,-0.0500,12
Disorder-PDB,Metapredict-v3,0.05,0.7363,0.6911,0.7796,0.0400,0.6820,-0.0543,12
Disorder-PDB,MobiDB-lite,0.2,0.4803,0.4468,0.4958,0.1729,0.5020,0.0217,12
Disorder-PDB,MobiDB-lite,0.1,0.7084,0.6913,0.7370,0.0861,0.7540,0.0456,12
Disorder-PDB,MobiDB-lite,0.05,0.8759,0.8571,0.8986,0.0423,0.8950,0.0191,12
Disorder-PDB,NeProc2-beta-binding,0.2,0.4323,0.4219,0.4782,0.2278,0.4140,-0.0183,12
Disorder-PDB,NeProc2-beta-binding,0.1,0.6209,0.6000,0.6762,0.1025,0.6270,0.0061,12
Disorder-PDB,NeProc2-beta-binding,0.05,0.7875,0.7754,0.8143,0.0442,0.7930,0.0055,12
Disorder-PDB,NeProc2-beta-disorder,0.2,0.4240,0.4150,0.4663,0.2221,0.4020,-0.0220,12
Disorder-PDB,NeProc2-beta-disorder,0.1,0.6180,0.5992,0.6731,0.1011,0.6190,0.0010,12
Disorder-PDB,NeProc2-beta-disorder,0.05,0.7874,0.7719,0.8136,0.0446,0.7780,-0.0094,12
Disorder-PDB,OPAL,0.2,0.6932,0.6660,0.7104,0.1914,0.6660,-0.0272,12
Disorder-PDB,OPAL,0.1,0.8434,0.7978,0.8547,0.0920,0.8290,-0.0144,12
Disorder-PDB,OPAL,0.05,0.9025,0.8783,0.9212,0.0433,0.9280,0.0255,12
Disorder-PDB,PUNCH2-Light,0.2,0.2773,0.2600,0.2864,0.2100,0.2690,-0.0083,12
Disorder-PDB,PUNCH2-Light,0.1,0.3678,0.3442,0.3722,0.1044,0.4300,0.0622,12
Disorder-PDB,PUNCH2-Light,0.05,0.4801,0.4497,0.4907,0.0445,0.6130,0.1329,12
Disorder-PDB,PUNCH2,0.2,0.2753,0.2614,0.2860,0.2101,0.2630,-0.0123,12
Disorder-PDB,PUNCH2,0.1,0.3618,0.3488,0.3712,0.1017,0.4260,0.0642,12
Disorder-PDB,PUNCH2,0.05,0.4732,0.4591,0.4870,0.0453,0.6040,0.1308,12
Disorder-PDB,PredIDR2-Prof-Art,0.2,0.2905,0.2738,0.3009,0.2069,0.2650,-0.0255,12
Disorder-PDB,PredIDR2-Prof-Art,0.1,0.3805,0.3717,0.3859,0.0995,0.4400,0.0595,12
Disorder-PDB,PredIDR2-Prof-Art,0.05,0.4845,0.4673,0.4968,0.0474,0.5940,0.1095,12
Disorder-PDB,PredIDR2-Prof-Rnd,0.2,0.2920,0.2745,0.2992,0.2041,0.2660,-0.0260,12
Disorder-PDB,PredIDR2-Prof-Rnd,0.1,0.4220,0.3910,0.4315,0.0889,0.4430,0.0210,12
Disorder-PDB,PredIDR2-Prof-Rnd,0.05,0.5209,0.4842,0.5359,0.0433,0.6350,0.1141,12
Disorder-PDB,PredIDR2-Seq-Art,0.2,0.3068,0.2867,0.3231,0.2027,0.2670,-0.0398,12
Disorder-PDB,PredIDR2-Seq-Art,0.1,0.3890,0.3748,0.4103,0.1139,0.4400,0.0510,12
Disorder-PDB,PredIDR2-Seq-Art,0.05,0.4838,0.4739,0.4986,0.0504,0.6240,0.1402,12
Disorder-PDB,PredIDR2-Seq-Rnd,0.2,0.3257,0.3008,0.3370,0.2148,0.2740,-0.0517,12
Disorder-PDB,PredIDR2-Seq-Rnd,0.1,0.4185,0.4054,0.4468,0.1117,0.4660,0.0475,12
Disorder-PDB,PredIDR2-Seq-Rnd,0.05,0.5276,0.5064,0.5474,0.0448,0.6440,0.1164,12
Disorder-PDB,ProBiPred-nucleic,0.2,0.7822,0.7748,0.7921,0.1928,0.7910,0.0088,12
Disorder-PDB,ProBiPred-nucleic,0.1,0.8823,0.8781,0.8898,0.0909,0.8970,0.0147,12
Disorder-PDB,ProBiPred-nucleic,0.05,0.9414,0.9331,0.9468,0.0366,0.9440,0.0026,12
Disorder-PDB,ProBiPred-protein,0.2,0.9253,0.9206,0.9305,0.1811,0.9260,0.0007,12
Disorder-PDB,ProBiPred-protein,0.1,0.9632,0.9587,0.9682,0.0831,0.9660,0.0028,12
Disorder-PDB,ProBiPred-protein,0.05,0.9861,0.9829,0.9869,0.0328,0.9820,-0.0041,12
Disorder-PDB,RONN,0.2,0.4279,0.4098,0.4594,0.1994,0.4420,0.0141,12
Disorder-PDB,RONN,0.1,0.6405,0.6253,0.6552,0.0833,0.6370,-0.0035,12
Disorder-PDB,RONN,0.05,0.7875,0.7571,0.8109,0.0430,0.7820,-0.0055,12
Disorder-PDB,SETH-0,0.2,0.2652,0.2607,0.2769,0.2198,0.3040,0.0388,12
Disorder-PDB,SETH-0,0.1,0.4372,0.4077,0.4556,0.0947,0.4990,0.0618,12
Disorder-PDB,SETH-0,0.05,0.6496,0.6101,0.6735,0.0370,0.7040,0.0544,12
Disorder-PDB,SETH-1,0.2,0.2797,0.2612,0.2923,0.2091,0.3170,0.0373,12
Disorder-PDB,SETH-1,0.1,0.4765,0.4537,0.4848,0.0885,0.5190,0.0425,12
Disorder-PDB,SETH-1,0.05,0.6746,0.6481,0.6931,0.0396,0.7060,0.0314,12
Disorder-PDB,SPOT-Disorder-Single,0.2,0.4011,0.3720,0.4363,0.2077,0.3880,-0.0131,12
Disorder-PDB,SPOT-Disorder-Single,0.1,0.5908,0.5510,0.6082,0.0865,0.5930,0.0022,12
Disorder-PDB,SPOT-Disorder-Single,0.05,0.7484,0.7223,0.7636,0.0426,0.7590,0.0106,12
Disorder-PDB,bindEmbed21IDR-idrGeneral,0.2,0.9339,0.9293,0.9364,0.1717,0.9400,0.0061,12
Disorder-PDB,bindEmbed21IDR-idrGeneral,0.1,0.9663,0.9635,0.9672,0.0867,0.9730,0.0067,12
Disorder-PDB,bindEmbed21IDR-idrGeneral,0.05,0.9814,0.9802,0.9853,0.0424,0.9870,0.0056,12
Disorder-PDB,bindEmbed21IDR-idrNuc,0.2,0.8448,0.8348,0.8858,0.2001,0.9180,0.0732,12
Disorder-PDB,bindEmbed21IDR-idrNuc,0.1,0.9318,0.9130,0.9449,0.0981,0.9680,0.0362,12
Disorder-PDB,bindEmbed21IDR-idrNuc,0.05,0.9767,0.9719,0.9800,0.0398,0.9840,0.0073,12
Disorder-PDB,bindEmbed21IDR-rawGeneral,0.2,0.9418,0.9354,0.9437,0.1737,0.9490,0.0072,12
Disorder-PDB,bindEmbed21IDR-rawGeneral,0.1,0.9735,0.9699,0.9747,0.0887,0.9780,0.0045,12
Disorder-PDB,bindEmbed21IDR-rawGeneral,0.05,0.9895,0.9879,0.9901,0.0355,0.9900,0.0005,12
Disorder-PDB,bindEmbed21IDR-rawNuc,0.2,0.8468,0.8362,0.8917,0.1999,0.9240,0.0772,12
Disorder-PDB,bindEmbed21IDR-rawNuc,0.1,0.9356,0.9137,0.9471,0.0896,0.9670,0.0314,12
Disorder-PDB,bindEmbed21IDR-rawNuc,0.05,0.9778,0.9746,0.9818,0.0392,0.9840,0.0062,12
Disorder-PDB,flDPlr,0.2,0.4934,0.4590,0.5140,0.2213,0.3990,-0.0944,12
Disorder-PDB,flDPlr,0.1,0.6559,0.6393,0.7002,0.1006,0.5850,-0.0709,12
Disorder-PDB,flDPlr,0.05,0.8279,0.7864,0.8471,0.0399,0.7480,-0.0799,12
Disorder-PDB,flDPlr2,0.2,0.5001,0.4578,0.5316,0.2059,0.3990,-0.1011,12
Disorder-PDB,flDPlr2,0.1,0.6928,0.6664,0.7034,0.0805,0.5610,-0.1318,12
Disorder-PDB,flDPlr2,0.05,0.8903,0.8537,0.9072,0.0316,0.7370,-0.1533,12
Disorder-PDB,flDPnn2,0.2,0.4686,0.4302,0.4959,0.1903,0.3840,-0.0846,12
Disorder-PDB,flDPnn2,0.1,0.6792,0.6213,0.7041,0.0759,0.5830,-0.0962,12
Disorder-PDB,flDPnn2,0.05,0.8252,0.7743,0.8401,0.0330,0.7270,-0.0982,12
Disorder-PDB,flDPnn3a,0.2,0.3886,0.3652,0.4085,0.2091,0.3130,-0.0756,12
Disorder-PDB,flDPnn3a,0.1,0.5352,0.5036,0.5854,0.1023,0.4910,-0.0442,12
Disorder-PDB,flDPnn3a,0.05,0.7078,0.6481,0.7276,0.0475,0.6620,-0.0458,12
Disorder-PDB,flDPnn3b,0.2,0.4197,0.3966,0.4406,0.1909,0.3420,-0.0777,12
Disorder-PDB,flDPnn3b,0.1,0.5916,0.5423,0.6021,0.0842,0.5320,-0.0596,12
Disorder-PDB,flDPnn3b,0.05,0.6823,0.6639,0.7204,0.0466,0.7010,0.0187,12
Disorder-PDB,pyHCA,0.2,0.5828,0.5655,0.6296,0.2169,0.5090,-0.0738,12
Disorder-PDB,pyHCA,0.1,0.7835,0.7595,0.7963,0.0989,0.7230,-0.0605,12
Disorder-PDB,pyHCA,0.05,0.9148,0.8873,0.9299,0.0496,0.8910,-0.0238,12
Disorder-PDB,rawMSA-disorder,0.2,0.4295,0.3893,0.4639,0.1888,0.3490,-0.0805,12
Disorder-PDB,rawMSA-disorder,0.1,0.5921,0.5693,0.6116,0.0913,0.5210,-0.0711,12
Disorder-PDB,rawMSA-disorder,0.05,0.7134,0.6977,0.7489,0.0412,0.7070,-0.0064,12
Disorder-PDB,rawMSA,0.2,0.3894,0.3839,0.4086,0.2208,0.3760,-0.0134,12
Disorder-PDB,rawMSA,0.1,0.5075,0.4821,0.5272,0.1039,0.5840,0.0765,12
Disorder-PDB,rawMSA,0.05,0.6584,0.6185,0.7155,0.0465,0.7670,0.1086,12
Disorder-PDB,DisorderNet-windowed,0.2,0.2352,0.2283,0.2549,0.2204,0.2460,0.0108,12
Disorder-PDB,DisorderNet-windowed,0.1,0.3202,0.3005,0.3354,0.1025,0.3980,0.0778,12
Disorder-PDB,DisorderNet-windowed,0.05,0.4689,0.4477,0.4830,0.0418,0.5510,0.0821,12
Disorder-PDB,DisorderNet-pbias,0.2,0.2403,0.2209,0.2535,0.2194,0.2420,0.0017,12
Disorder-PDB,DisorderNet-pbias,0.1,0.3459,0.3238,0.3790,0.0972,0.3950,0.0491,12
Disorder-PDB,DisorderNet-pbias,0.05,0.4908,0.4729,0.5151,0.0425,0.5490,0.0582,12
Disorder-NOX,AIUPred-2-binding,0.2,0.5894,0.5733,0.6286,0.2103,0.6220,0.0326,12
Disorder-NOX,AIUPred-2-binding,0.1,0.7210,0.6930,0.7459,0.1185,0.8390,0.1180,12
Disorder-NOX,AIUPred-2-binding,0.05,0.8589,0.8210,0.9057,0.0609,0.9420,0.0831,12
Disorder-NOX,AIUPred-2-disorder,0.2,0.5031,0.4857,0.5359,0.2218,0.5490,0.0459,12
Disorder-NOX,AIUPred-2-disorder,0.1,0.6811,0.6609,0.7426,0.1152,0.7240,0.0429,12
Disorder-NOX,AIUPred-2-disorder,0.05,0.8247,0.7826,0.8502,0.0426,0.8910,0.0663,12
Disorder-NOX,ANCHOR2,0.2,0.6590,0.6509,0.6766,0.2045,0.6570,-0.0020,12
Disorder-NOX,ANCHOR2,0.1,0.8011,0.7963,0.8164,0.0854,0.8270,0.0259,12
Disorder-NOX,ANCHOR2,0.05,0.9309,0.9231,0.9349,0.0366,0.9200,-0.0109,12
Disorder-NOX,AUCpred-no-profile,0.2,0.5129,0.4810,0.5386,0.2155,0.5040,-0.0089,12
Disorder-NOX,AUCpred-no-profile,0.1,0.6795,0.6433,0.7240,0.0959,0.6990,0.0195,12
Disorder-NOX,AUCpred-no-profile,0.05,0.8411,0.7986,0.8619,0.0411,0.8990,0.0579,12
Disorder-NOX,AUCpred-profile,0.2,0.4779,0.4467,0.4833,0.1979,0.5080,0.0301,12
Disorder-NOX,AUCpred-profile,0.1,0.6406,0.6018,0.6639,0.0943,0.6950,0.0544,12
Disorder-NOX,AUCpred-profile,0.05,0.7863,0.7340,0.7926,0.0364,0.8450,0.0587,12
Disorder-NOX,AlphaFold-binding,0.2,0.4569,0.4478,0.4715,0.1951,0.4900,0.0331,12
Disorder-NOX,AlphaFold-binding,0.1,0.6019,0.5754,0.6251,0.0830,0.6530,0.0511,12
Disorder-NOX,AlphaFold-binding,0.05,0.7592,0.7326,0.7807,0.0411,0.8230,0.0638,12
Disorder-NOX,AlphaFold-pLDDT,0.2,0.4524,0.4449,0.4758,0.1729,0.4800,0.0276,12
Disorder-NOX,AlphaFold-pLDDT,0.1,0.5986,0.5759,0.6128,0.0867,0.6500,0.0514,12
Disorder-NOX,AlphaFold-pLDDT,0.05,0.7214,0.7062,0.7485,0.0403,0.7760,0.0546,12
Disorder-NOX,AlphaFold-rsa,0.2,0.4568,0.4478,0.4715,0.1952,0.4910,0.0342,12
Disorder-NOX,AlphaFold-rsa,0.1,0.6027,0.5754,0.6251,0.0827,0.6560,0.0533,12
Disorder-NOX,AlphaFold-rsa,0.05,0.7592,0.7326,0.7807,0.0411,0.8340,0.0748,12
Disorder-NOX,AlphaFold3-binding,0.2,0.4548,0.4416,0.4701,0.1850,0.5130,0.0582,12
Disorder-NOX,AlphaFold3-binding,0.1,0.5980,0.5544,0.6175,0.0901,0.6640,0.0660,12
Disorder-NOX,AlphaFold3-binding,0.05,0.7544,0.7284,0.8048,0.0439,0.8030,0.0486,12
Disorder-NOX,AlphaFold3-pLDDT,0.2,0.4488,0.4359,0.4567,0.1774,0.5180,0.0692,12
Disorder-NOX,AlphaFold3-pLDDT,0.1,0.5954,0.5612,0.6260,0.0907,0.6900,0.0946,12
Disorder-NOX,AlphaFold3-pLDDT,0.05,0.7590,0.7388,0.7763,0.0340,0.8240,0.0650,12
Disorder-NOX,AlphaFold3-rsa,0.2,0.4549,0.4415,0.4687,0.1851,0.4940,0.0391,12
Disorder-NOX,AlphaFold3-rsa,0.1,0.5981,0.5544,0.6181,0.0902,0.6690,0.0709,12
Disorder-NOX,AlphaFold3-rsa,0.05,0.7544,0.7284,0.8048,0.0439,0.8120,0.0576,12
Disorder-NOX,DARUMA-beta,0.2,0.5240,0.4988,0.5438,0.2118,0.5200,-0.0040,12
Disorder-NOX,DARUMA-beta,0.1,0.7102,0.6757,0.7492,0.0902,0.7050,-0.0052,12
Disorder-NOX,DARUMA-beta,0.05,0.8409,0.8193,0.8772,0.0438,0.8780,0.0371,12
Disorder-NOX,DFLpred,0.2,0.8504,0.8184,0.8772,0.1685,0.8470,-0.0034,12
Disorder-NOX,DFLpred,0.1,0.9346,0.9134,0.9452,0.0751,0.9310,-0.0036,12
Disorder-NOX,DFLpred,0.05,0.9721,0.9638,0.9752,0.0289,0.9720,-0.0001,12
Disorder-NOX,DeepDISObind-all,0.2,0.6227,0.5861,0.6444,0.2116,0.5900,-0.0327,12
Disorder-NOX,DeepDISObind-all,0.1,0.7569,0.7512,0.7891,0.1167,0.7890,0.0321,12
Disorder-NOX,DeepDISObind-all,0.05,0.8611,0.8441,0.8988,0.0514,0.9110,0.0499,12
Disorder-NOX,DeepDISObind-nucleic,0.2,0.6524,0.6241,0.6723,0.2098,0.6560,0.0036,12
Disorder-NOX,DeepDISObind-nucleic,0.1,0.7808,0.7685,0.8441,0.1175,0.8190,0.0382,12
Disorder-NOX,DeepDISObind-nucleic,0.05,0.9112,0.9013,0.9507,0.0543,0.9240,0.0128,12
Disorder-NOX,DeepDISObind-protein,0.2,0.6207,0.5893,0.6614,0.2136,0.6210,0.0003,12
Disorder-NOX,DeepDISObind-protein,0.1,0.7794,0.7654,0.8025,0.0996,0.7980,0.0186,12
Disorder-NOX,DeepDISObind-protein,0.05,0.8861,0.8703,0.9133,0.0488,0.9110,0.0249,12
Disorder-NOX,DeepIDP-2L,0.2,0.5207,0.5002,0.5318,0.1990,0.5020,-0.0187,12
Disorder-NOX,DeepIDP-2L,0.1,0.6296,0.6108,0.6540,0.1038,0.7030,0.0734,12
Disorder-NOX,DeepIDP-2L,0.05,0.7505,0.7291,0.7871,0.0521,0.8720,0.1215,12
Disorder-NOX,DisEMBL-dis465,0.2,0.6028,0.5659,0.6151,0.2060,0.6140,0.0112,12
Disorder-NOX,DisEMBL-dis465,0.1,0.7624,0.7371,0.7826,0.0867,0.7910,0.0286,12
Disorder-NOX,DisEMBL-dis465,0.05,0.8815,0.8632,0.8904,0.0420,0.8960,0.0145,12
Disorder-NOX,DisEMBL-disHL,0.2,0.6540,0.6461,0.6648,0.1833,0.6390,-0.0150,12
Disorder-NOX,DisEMBL-disHL,0.1,0.8016,0.7908,0.8093,0.0820,0.8040,0.0024,12
Disorder-NOX,DisEMBL-disHL,0.05,0.8965,0.8915,0.9090,0.0323,0.9020,0.0055,12
Disorder-NOX,DisPredict2,0.2,0.7913,0.7288,0.8057,0.1841,0.7610,-0.0303,12
Disorder-NOX,DisPredict2,0.1,0.9121,0.8964,0.9337,0.0842,0.8850,-0.0271,12
Disorder-NOX,DisPredict2,0.05,0.9669,0.9613,0.9707,0.0439,0.9530,-0.0139,12
Disorder-NOX,DisoMine,0.2,0.6288,0.6044,0.6700,0.1814,0.5990,-0.0298,12
Disorder-NOX,DisoMine,0.1,0.7853,0.7625,0.8019,0.0901,0.7950,0.0097,12
Disorder-NOX,DisoMine,0.05,0.8797,0.8701,0.9054,0.0383,0.8940,0.0143,12
Disorder-NOX,DisoRDPbind-dna,0.2,0.8024,0.7901,0.8193,0.1927,0.8120,0.0096,12
Disorder-NOX,DisoRDPbind-dna,0.1,0.9144,0.9000,0.9215,0.0904,0.9170,0.0026,12
Disorder-NOX,DisoRDPbind-dna,0.05,0.9702,0.9663,0.9737,0.0355,0.9630,-0.0072,12
Disorder-NOX,DisoRDPbind-prot,0.2,0.6129,0.6016,0.6614,0.2130,0.6240,0.0111,12
Disorder-NOX,DisoRDPbind-prot,0.1,0.7928,0.7853,0.8125,0.0943,0.8000,0.0072,12
Disorder-NOX,DisoRDPbind-prot,0.05,0.9038,0.8930,0.9348,0.0390,0.9110,0.0072,12
Disorder-NOX,DisoRDPbind-rna,0.2,0.8559,0.8486,0.8640,0.2000,0.8590,0.0031,12
Disorder-NOX,DisoRDPbind-rna,0.1,0.9302,0.9235,0.9380,0.0941,0.9410,0.0108,12
Disorder-NOX,DisoRDPbind-rna,0.05,0.9640,0.9590,0.9762,0.0380,0.9740,0.0100,12
Disorder-NOX,ENSHROUD-all,0.2,0.5384,0.4953,0.5568,0.2045,0.5290,-0.0094,12
Disorder-NOX,ENSHROUD-all,0.1,0.7249,0.6915,0.7542,0.0842,0.7350,0.0101,12
Disorder-NOX,ENSHROUD-all,0.05,0.8704,0.8387,0.8854,0.0388,0.9010,0.0306,12
Disorder-NOX,ENSHROUD-nucleic,0.2,0.5807,0.5439,0.5862,0.2041,0.5970,0.0163,12
Disorder-NOX,ENSHROUD-nucleic,0.1,0.7271,0.7104,0.7614,0.1028,0.7810,0.0539,12
Disorder-NOX,ENSHROUD-nucleic,0.05,0.8521,0.8393,0.8788,0.0467,0.8820,0.0299,12
Disorder-NOX,ENSHROUD-protein,0.2,0.5266,0.5220,0.5627,0.2032,0.5420,0.0154,12
Disorder-NOX,ENSHROUD-protein,0.1,0.6808,0.6580,0.6989,0.1050,0.7070,0.0262,12
Disorder-NOX,ENSHROUD-protein,0.05,0.7859,0.7509,0.8106,0.0417,0.8820,0.0961,12
Disorder-NOX,ESpritz-D,0.2,0.6266,0.6090,0.6601,0.2160,0.5910,-0.0356,12
Disorder-NOX,ESpritz-D,0.1,0.7622,0.7241,0.7797,0.1130,0.7550,-0.0072,12
Disorder-NOX,ESpritz-D,0.05,0.8501,0.8116,0.8585,0.0565,0.8870,0.0369,12
Disorder-NOX,ESpritz-N,0.2,0.5720,0.5433,0.6025,0.1970,0.5770,0.0050,12
Disorder-NOX,ESpritz-N,0.1,0.7455,0.7177,0.7749,0.0924,0.7820,0.0365,12
Disorder-NOX,ESpritz-N,0.05,0.8608,0.8304,0.8827,0.0462,0.8890,0.0282,12
Disorder-NOX,ESpritz-X,0.2,0.5519,0.5242,0.5670,0.2166,0.5330,-0.0189,12
Disorder-NOX,ESpritz-X,0.1,0.7291,0.6686,0.7442,0.0960,0.7600,0.0309,12
Disorder-NOX,ESpritz-X,0.05,0.8342,0.8053,0.8518,0.0419,0.8890,0.0548,12
Disorder-NOX,IUPred3,0.2,0.5702,0.5425,0.5907,0.1970,0.5590,-0.0112,12
Disorder-NOX,IUPred3,0.1,0.7784,0.7336,0.7959,0.0848,0.7510,-0.0274,12
Disorder-NOX,IUPred3,0.05,0.8847,0.8749,0.9025,0.0405,0.8810,-0.0037,12
Disorder-NOX,IsUnstruct,0.2,0.5363,0.5032,0.5742,0.2188,0.5430,0.0067,12
Disorder-NOX,IsUnstruct,0.1,0.7247,0.6768,0.7368,0.0855,0.7480,0.0233,12
Disorder-NOX,IsUnstruct,0.05,0.8391,0.8024,0.8672,0.0401,0.8700,0.0309,12
Disorder-NOX,LINKER-Pred-Lite,0.2,0.6628,0.6483,0.6721,0.1801,0.6490,-0.0138,12
Disorder-NOX,LINKER-Pred-Lite,0.1,0.8130,0.7915,0.8220,0.0856,0.8370,0.0240,12
Disorder-NOX,LINKER-Pred-Lite,0.05,0.9049,0.8958,0.9151,0.0378,0.9260,0.0211,12
Disorder-NOX,LINKER-Pred,0.2,0.6254,0.6056,0.6469,0.1839,0.6590,0.0336,12
Disorder-NOX,LINKER-Pred,0.1,0.8210,0.7950,0.8289,0.0817,0.8370,0.0160,12
Disorder-NOX,LINKER-Pred,0.05,0.9111,0.8899,0.9263,0.0324,0.9470,0.0359,12
Disorder-NOX,LINKER-Pred2,0.2,0.6246,0.6129,0.6542,0.1878,0.6550,0.0304,12
Disorder-NOX,LINKER-Pred2,0.1,0.7999,0.7829,0.8254,0.0788,0.8230,0.0231,12
Disorder-NOX,LINKER-Pred2,0.05,0.9151,0.9034,0.9258,0.0324,0.9390,0.0239,12
Disorder-NOX,LIPNet,0.2,0.7641,0.7483,0.7911,0.2053,0.7710,0.0069,12
Disorder-NOX,LIPNet,0.1,0.8772,0.8702,0.8967,0.1131,0.8870,0.0098,12
Disorder-NOX,LIPNet,0.05,0.9366,0.9339,0.9515,0.0525,0.9440,0.0074,12
Disorder-NOX,LMDisorder,0.2,0.4897,0.4766,0.5048,0.1984,0.4940,0.0043,12
Disorder-NOX,LMDisorder,0.1,0.5828,0.5662,0.6059,0.0909,0.6710,0.0882,12
Disorder-NOX,LMDisorder,0.05,0.7193,0.6874,0.7473,0.0376,0.8380,0.1187,12
Disorder-NOX,Metapredict-v1,0.2,0.5508,0.5287,0.5635,0.1950,0.5340,-0.0168,12
Disorder-NOX,Metapredict-v1,0.1,0.7058,0.6871,0.7240,0.0870,0.7360,0.0302,12
Disorder-NOX,Metapredict-v1,0.05,0.8291,0.8171,0.8561,0.0391,0.8880,0.0589,12
Disorder-NOX,Metapredict-v2,0.2,0.5017,0.4844,0.5375,0.1983,0.5360,0.0343,12
Disorder-NOX,Metapredict-v2,0.1,0.6610,0.6456,0.7198,0.0998,0.7090,0.0480,12
Disorder-NOX,Metapredict-v2,0.05,0.7926,0.7771,0.8186,0.0397,0.8520,0.0594,12
Disorder-NOX,Metapredict-v3,0.2,0.4816,0.4633,0.5158,0.2006,0.4930,0.0114,12
Disorder-NOX,Metapredict-v3,0.1,0.6682,0.6313,0.7041,0.0934,0.6660,-0.0022,12
Disorder-NOX,Metapredict-v3,0.05,0.7927,0.7716,0.8192,0.0428,0.8340,0.0413,12
Disorder-NOX,MobiDB-lite,0.2,0.5590,0.5392,0.5848,0.1969,0.5650,0.0060,12
Disorder-NOX,MobiDB-lite,0.1,0.7593,0.7341,0.7784,0.0833,0.7880,0.0287,12
Disorder-NOX,MobiDB-lite,0.05,0.8945,0.8747,0.9179,0.0435,0.9140,0.0195,12
Disorder-NOX,NeProc2-beta-binding,0.2,0.5246,0.5082,0.5754,0.2142,0.5570,0.0324,12
Disorder-NOX,NeProc2-beta-binding,0.1,0.7294,0.7120,0.7419,0.1114,0.7370,0.0076,12
Disorder-NOX,NeProc2-beta-binding,0.05,0.8780,0.8599,0.8870,0.0428,0.8560,-0.0220,12
Disorder-NOX,NeProc2-beta-disorder,0.2,0.5198,0.5036,0.5615,0.2185,0.5440,0.0242,12
Disorder-NOX,NeProc2-beta-disorder,0.1,0.7293,0.7105,0.7421,0.1117,0.7360,0.0067,12
Disorder-NOX,NeProc2-beta-disorder,0.05,0.8765,0.8614,0.8859,0.0431,0.8620,-0.0145,12
Disorder-NOX,OPAL,0.2,0.7091,0.6849,0.7161,0.2026,0.7000,-0.0091,12
Disorder-NOX,OPAL,0.1,0.8321,0.8099,0.8502,0.1020,0.8490,0.0169,12
Disorder-NOX,OPAL,0.05,0.9204,0.9003,0.9253,0.0453,0.9400,0.0196,12
Disorder-NOX,PUNCH2-Light,0.2,0.4484,0.4425,0.4640,0.1983,0.4780,0.0296,12
Disorder-NOX,PUNCH2-Light,0.1,0.5609,0.5474,0.5878,0.0853,0.6460,0.0851,12
Disorder-NOX,PUNCH2-Light,0.05,0.6944,0.6645,0.7046,0.0377,0.8260,0.1316,12
Disorder-NOX,PUNCH2,0.2,0.4589,0.4368,0.4650,0.1931,0.4730,0.0141,12
Disorder-NOX,PUNCH2,0.1,0.5687,0.5606,0.6031,0.0890,0.6580,0.0893,12
Disorder-NOX,PUNCH2,0.05,0.6866,0.6603,0.6991,0.0398,0.8280,0.1414,12
Disorder-NOX,PredIDR2-Prof-Art,0.2,0.4916,0.4819,0.4985,0.1748,0.5150,0.0234,12
Disorder-NOX,PredIDR2-Prof-Art,0.1,0.6147,0.6020,0.6511,0.0858,0.6800,0.0653,12
Disorder-NOX,PredIDR2-Prof-Art,0.05,0.7316,0.7077,0.7467,0.0393,0.8300,0.0984,12
Disorder-NOX,PredIDR2-Prof-Rnd,0.2,0.4878,0.4707,0.5012,0.1859,0.5120,0.0242,12
Disorder-NOX,PredIDR2-Prof-Rnd,0.1,0.6275,0.6043,0.6408,0.0899,0.6860,0.0585,12
Disorder-NOX,PredIDR2-Prof-Rnd,0.05,0.7606,0.7363,0.7713,0.0345,0.8350,0.0744,12
Disorder-NOX,PredIDR2-Seq-Art,0.2,0.5392,0.5183,0.5483,0.1919,0.5210,-0.0182,12
Disorder-NOX,PredIDR2-Seq-Art,0.1,0.6574,0.6348,0.6724,0.0921,0.6860,0.0286,12
Disorder-NOX,PredIDR2-Seq-Art,0.05,0.7525,0.7245,0.7667,0.0435,0.8470,0.0945,12
Disorder-NOX,PredIDR2-Seq-Rnd,0.2,0.5287,0.5202,0.5404,0.1890,0.5260,-0.0027,12
Disorder-NOX,PredIDR2-Seq-Rnd,0.1,0.6873,0.6555,0.7035,0.0958,0.7270,0.0397,12
Disorder-NOX,PredIDR2-Seq-Rnd,0.05,0.7742,0.7517,0.7900,0.0438,0.8610,0.0868,12
Disorder-NOX,ProBiPred-nucleic,0.2,0.7975,0.7833,0.8050,0.1907,0.7920,-0.0055,12
Disorder-NOX,ProBiPred-nucleic,0.1,0.8954,0.8885,0.8996,0.0917,0.8950,-0.0004,12
Disorder-NOX,ProBiPred-nucleic,0.05,0.9500,0.9428,0.9539,0.0399,0.9460,-0.0040,12
Disorder-NOX,ProBiPred-protein,0.2,0.8878,0.8695,0.8934,0.1950,0.8990,0.0112,12
Disorder-NOX,ProBiPred-protein,0.1,0.9414,0.9370,0.9492,0.0935,0.9510,0.0096,12
Disorder-NOX,ProBiPred-protein,0.05,0.9748,0.9677,0.9769,0.0430,0.9800,0.0052,12
Disorder-NOX,RONN,0.2,0.5594,0.5223,0.5860,0.2078,0.5810,0.0216,12
Disorder-NOX,RONN,0.1,0.7097,0.6897,0.7431,0.0991,0.7690,0.0593,12
Disorder-NOX,RONN,0.05,0.8244,0.8077,0.8622,0.0467,0.8700,0.0456,12
Disorder-NOX,SETH-0,0.2,0.4408,0.4345,0.4471,0.1782,0.5030,0.0622,12
Disorder-NOX,SETH-0,0.1,0.5926,0.5824,0.6143,0.0893,0.7050,0.1124,12
Disorder-NOX,SETH-0,0.05,0.7414,0.7170,0.7887,0.0430,0.8510,0.1096,12
Disorder-NOX,SETH-1,0.2,0.4517,0.4395,0.4650,0.1831,0.5140,0.0623,12
Disorder-NOX,SETH-1,0.1,0.6219,0.6021,0.6496,0.0876,0.6920,0.0701,12
Disorder-NOX,SETH-1,0.05,0.7744,0.7445,0.7834,0.0400,0.8490,0.0746,12
Disorder-NOX,SPOT-Disorder-Single,0.2,0.5316,0.5039,0.5552,0.2185,0.5210,-0.0106,12
Disorder-NOX,SPOT-Disorder-Single,0.1,0.7097,0.6806,0.7238,0.0953,0.7090,-0.0007,12
Disorder-NOX,SPOT-Disorder-Single,0.05,0.8406,0.7913,0.8594,0.0358,0.8850,0.0444,12
Disorder-NOX,bindEmbed21IDR-idrGeneral,0.2,0.8942,0.8874,0.9116,0.1966,0.9090,0.0148,12
Disorder-NOX,bindEmbed21IDR-idrGeneral,0.1,0.9538,0.9415,0.9581,0.0860,0.9540,0.0002,12
Disorder-NOX,bindEmbed21IDR-idrGeneral,0.05,0.9704,0.9654,0.9735,0.0396,0.9780,0.0076,12
Disorder-NOX,bindEmbed21IDR-idrNuc,0.2,0.8705,0.8516,0.8963,0.1621,0.8690,-0.0015,12
Disorder-NOX,bindEmbed21IDR-idrNuc,0.1,0.9438,0.9068,0.9660,0.0802,0.9380,-0.0058,12
Disorder-NOX,bindEmbed21IDR-idrNuc,0.05,0.9744,0.9572,0.9812,0.0402,0.9740,-0.0004,12
Disorder-NOX,bindEmbed21IDR-rawGeneral,0.2,0.8980,0.8911,0.9109,0.1950,0.9170,0.0190,12
Disorder-NOX,bindEmbed21IDR-rawGeneral,0.1,0.9589,0.9485,0.9674,0.0673,0.9610,0.0021,12
Disorder-NOX,bindEmbed21IDR-rawGeneral,0.05,0.9800,0.9764,0.9827,0.0404,0.9820,0.0020,12
Disorder-NOX,bindEmbed21IDR-rawNuc,0.2,0.8596,0.8469,0.8688,0.1776,0.8700,0.0104,12
Disorder-NOX,bindEmbed21IDR-rawNuc,0.1,0.9170,0.9071,0.9506,0.0954,0.9400,0.0230,12
Disorder-NOX,bindEmbed21IDR-rawNuc,0.05,0.9824,0.9662,0.9861,0.0261,0.9740,-0.0084,12
Disorder-NOX,flDPlr,0.2,0.5647,0.5447,0.5894,0.1836,0.5180,-0.0467,12
Disorder-NOX,flDPlr,0.1,0.7442,0.7174,0.7719,0.0917,0.6890,-0.0552,12
Disorder-NOX,flDPlr,0.05,0.8683,0.8542,0.8791,0.0450,0.8440,-0.0243,12
Disorder-NOX,flDPlr2,0.2,0.5562,0.5261,0.5684,0.2070,0.4880,-0.0682,12
Disorder-NOX,flDPlr2,0.1,0.6808,0.6551,0.7033,0.0859,0.6560,-0.0248,12
Disorder-NOX,flDPlr2,0.05,0.8694,0.8041,0.8858,0.0464,0.8360,-0.0334,12
Disorder-NOX,flDPnn2,0.2,0.5252,0.5058,0.5486,0.1961,0.4960,-0.0292,12
Disorder-NOX,flDPnn2,0.1,0.6890,0.6697,0.7237,0.0975,0.6760,-0.0130,12
Disorder-NOX,flDPnn2,0.05,0.8368,0.8231,0.8572,0.0524,0.8340,-0.0028,12
Disorder-NOX,flDPnn3a,0.2,0.4866,0.4661,0.4980,0.1975,0.4600,-0.0266,12
Disorder-NOX,flDPnn3a,0.1,0.6639,0.6082,0.6783,0.0815,0.6220,-0.0419,12
Disorder-NOX,flDPnn3a,0.05,0.8012,0.7843,0.8093,0.0307,0.7720,-0.0292,12
Disorder-NOX,flDPnn3b,0.2,0.5200,0.4998,0.5320,0.1945,0.4610,-0.0590,12
Disorder-NOX,flDPnn3b,0.1,0.6512,0.6447,0.6826,0.0949,0.6240,-0.0272,12
Disorder-NOX,flDPnn3b,0.05,0.7721,0.7632,0.7786,0.0376,0.7690,-0.0031,12
Disorder-NOX,pyHCA,0.2,0.5982,0.5723,0.6207,0.2052,0.5570,-0.0412,12
Disorder-NOX,pyHCA,0.1,0.7686,0.7445,0.8105,0.0943,0.7560,-0.0126,12
Disorder-NOX,pyHCA,0.05,0.8488,0.8372,0.8576,0.0449,0.9010,0.0522,12
Disorder-NOX,rawMSA-disorder,0.2,0.5103,0.4994,0.5278,0.1831,0.5230,0.0127,12
Disorder-NOX,rawMSA-disorder,0.1,0.6586,0.6429,0.6864,0.0980,0.6580,-0.0006,12
Disorder-NOX,rawMSA-disorder,0.05,0.7691,0.7435,0.8029,0.0404,0.8060,0.0369,12
Disorder-NOX,rawMSA,0.2,0.4938,0.4705,0.5062,0.1964,0.4900,-0.0038,12
Disorder-NOX,rawMSA,0.1,0.6110,0.5876,0.6211,0.0933,0.6690,0.0580,12
Disorder-NOX,rawMSA,0.05,0.7248,0.7023,0.7501,0.0395,0.8490,0.1242,12
Disorder-NOX,DisorderNet-windowed,0.2,0.4137,0.3920,0.4225,0.1760,0.4230,0.0093,12
Disorder-NOX,DisorderNet-windowed,0.1,0.5116,0.4943,0.5344,0.0743,0.5850,0.0734,12
Disorder-NOX,DisorderNet-windowed,0.05,0.6341,0.6152,0.6571,0.0339,0.7260,0.0919,12
Disorder-NOX,DisorderNet-pbias,0.2,0.4373,0.4195,0.4547,0.1930,0.4330,-0.0043,12
Disorder-NOX,DisorderNet-pbias,0.1,0.5633,0.5339,0.5843,0.0911,0.5990,0.0357,12
Disorder-NOX,DisorderNet-pbias,0.05,0.7157,0.6692,0.7557,0.0340,0.7270,0.0113,12
Binding,AIUPred-2-binding,0.2,0.6430,0.6124,0.7308,0.2218,0.5480,-0.0950,12
Binding,AIUPred-2-binding,0.1,0.8445,0.8215,0.8969,0.0458,0.8560,0.0115,12
Binding,AIUPred-2-binding,0.05,0.9962,0.9799,0.9975,0.0000,0.9810,-0.0152,12
Binding,AIUPred-2-disorder,0.2,0.6028,0.5842,0.6407,0.1738,0.7600,0.1572,12
Binding,AIUPred-2-disorder,0.1,0.7254,0.6997,0.7872,0.0340,0.8940,0.1686,12
Binding,AIUPred-2-disorder,0.05,0.9715,0.9352,0.9780,0.0000,0.9720,0.0005,12
Binding,AIUPred,0.2,0.6857,0.6772,0.7203,0.1385,0.7090,0.0233,12
Binding,AIUPred,0.1,0.8967,0.8371,0.9726,0.0600,0.8620,-0.0347,12
Binding,AIUPred,0.05,0.9939,0.9915,0.9957,0.0085,0.9440,-0.0499,12
Binding,ANCHOR2,0.2,0.7429,0.6935,0.7897,0.1244,0.7660,0.0231,12
Binding,ANCHOR2,0.1,0.9696,0.9509,0.9880,0.0543,0.9240,-0.0456,12
Binding,ANCHOR2,0.05,0.9906,0.9885,0.9961,0.0000,0.9810,-0.0096,12
Binding,APOD,0.2,0.7832,0.7424,0.8159,0.1624,0.8090,0.0258,12
Binding,APOD,0.1,0.9034,0.8870,0.9549,0.0538,0.9160,0.0126,12
Binding,APOD,0.05,0.9737,0.9496,0.9956,0.0021,0.9820,0.0083,12
Binding,AUCpred-no-profile,0.2,0.6404,0.5517,0.6891,0.1582,0.8010,0.1606,12
Binding,AUCpred-no-profile,0.1,0.8743,0.8057,0.8987,0.0433,0.9430,0.0687,12
Binding,AUCpred-no-profile,0.05,0.9989,0.9869,0.9991,0.0000,0.9920,-0.0069,12
Binding,AUCpred-profile,0.2,0.6022,0.5324,0.6419,0.1747,0.7300,0.1278,12
Binding,AUCpred-profile,0.1,0.7515,0.6978,0.7817,0.0384,0.9110,0.1595,12
Binding,AUCpred-profile,0.05,0.9170,0.9023,0.9252,0.0000,0.9880,0.0710,12
Binding,AlphaFold-binding,0.2,0.5492,0.5113,0.5966,0.1636,0.5030,-0.0462,12
Binding,AlphaFold-binding,0.1,0.6835,0.5878,0.7083,0.0632,0.7560,0.0725,12
Binding,AlphaFold-binding,0.05,0.7998,0.7150,0.8220,0.0199,0.9760,0.1762,12
Binding,AlphaFold-pLDDT,0.2,0.5556,0.5364,0.6120,0.1674,0.7450,0.1894,12
Binding,AlphaFold-pLDDT,0.1,0.7237,0.6515,0.7597,0.0725,0.8960,0.1723,12
Binding,AlphaFold-pLDDT,0.05,0.8916,0.8487,0.9173,0.0234,0.9760,0.0844,12
Binding,AlphaFold-rsa,0.2,0.5493,0.5113,0.5966,0.1636,0.7220,0.1727,12
Binding,AlphaFold-rsa,0.1,0.6836,0.5874,0.7083,0.0632,0.9060,0.2224,12
Binding,AlphaFold-rsa,0.05,0.7979,0.7150,0.8220,0.0232,0.9870,0.1891,12
Binding,AlphaFold3-binding,0.2,0.5704,0.5019,0.5890,0.1689,0.5190,-0.0514,12
Binding,AlphaFold3-binding,0.1,0.6538,0.5650,0.6786,0.0441,0.7000,0.0462,12
Binding,AlphaFold3-binding,0.05,0.7663,0.6782,0.8025,0.0309,0.9640,0.1977,12
Binding,AlphaFold3-pLDDT,0.2,0.5451,0.5117,0.5960,0.1662,0.7120,0.1669,12
Binding,AlphaFold3-pLDDT,0.1,0.7140,0.6920,0.7609,0.0655,0.8900,0.1760,12
Binding,AlphaFold3-pLDDT,0.05,0.9272,0.8695,0.9338,0.0110,0.9820,0.0548,12
Binding,AlphaFold3-rsa,0.2,0.5703,0.5019,0.5890,0.1689,0.6890,0.1187,12
Binding,AlphaFold3-rsa,0.1,0.6530,0.5654,0.6786,0.0441,0.8950,0.2420,12
Binding,AlphaFold3-rsa,0.05,0.7662,0.6766,0.8025,0.0309,0.9800,0.2138,12
Binding,DARUMA-beta,0.2,0.6140,0.5619,0.6904,0.1838,0.7790,0.1650,12
Binding,DARUMA-beta,0.1,0.7674,0.7176,0.8522,0.0822,0.9120,0.1446,12
Binding,DARUMA-beta,0.05,0.9919,0.9789,0.9928,0.0000,0.9830,-0.0089,12
Binding,DFLpred,0.2,0.8856,0.8411,0.9097,0.1737,0.9070,0.0214,12
Binding,DFLpred,0.1,0.9621,0.9404,0.9725,0.0724,0.9770,0.0149,12
Binding,DFLpred,0.05,0.9930,0.9896,0.9952,0.0053,0.9940,0.0010,12
Binding,DISOPRED3-bind,0.2,0.8273,0.7924,0.8893,0.1601,0.8350,0.0077,12
Binding,DISOPRED3-bind,0.1,0.9551,0.9121,0.9828,0.0379,0.9460,-0.0091,12
Binding,DISOPRED3-bind,0.05,1.0000,0.9713,1.0000,0.0000,0.9920,-0.0080,12
Binding,DISOPRED3-diso,0.2,0.7220,0.6366,0.7809,0.1129,0.7860,0.0640,12
Binding,DISOPRED3-diso,0.1,0.9177,0.8629,0.9301,0.0376,0.9120,-0.0057,12
Binding,DISOPRED3-diso,0.05,0.9566,0.9418,0.9606,0.0107,0.9890,0.0324,12
Binding,DRPBind-DNA,0.2,0.6616,0.6083,0.7206,0.1733,0.7820,0.1204,12
Binding,DRPBind-DNA,0.1,0.8410,0.7494,0.8708,0.0628,0.9210,0.0800,12
Binding,DRPBind-DNA,0.05,0.9249,0.9088,0.9417,0.0200,0.9800,0.0551,12
Binding,DRPBind-RNA,0.2,0.7753,0.7304,0.8193,0.1739,0.7420,-0.0333,12
Binding,DRPBind-RNA,0.1,0.9465,0.9233,0.9552,0.0733,0.9210,-0.0255,12
Binding,DRPBind-RNA,0.05,0.9771,0.9679,1.0000,0.0240,0.9920,0.0149,12
Binding,DRPBind-protein,0.2,0.7049,0.6020,0.7598,0.1138,0.6590,-0.0459,12
Binding,DRPBind-protein,0.1,0.9071,0.8619,0.9504,0.0474,0.8930,-0.0141,12
Binding,DRPBind-protein,0.05,0.9883,0.9833,0.9962,0.0100,0.9730,-0.0153,12
Binding,DeepDISObind-all,0.2,0.6889,0.5553,0.7350,0.1465,0.6800,-0.0089,12
Binding,DeepDISObind-all,0.1,0.8306,0.7610,0.8485,0.0376,0.9050,0.0744,12
Binding,DeepDISObind-all,0.05,0.9257,0.9082,0.9357,0.0030,0.9840,0.0583,12
Binding,DeepDISObind-nucleic,0.2,0.7070,0.6591,0.7383,0.1308,0.7110,0.0040,12
Binding,DeepDISObind-nucleic,0.1,0.9072,0.8626,0.9254,0.0474,0.9180,0.0108,12
Binding,DeepDISObind-nucleic,0.05,0.9886,0.9532,0.9932,0.0036,0.9860,-0.0026,12
Binding,DeepDISObind-protein,0.2,0.6692,0.5889,0.7325,0.1437,0.6650,-0.0042,12
Binding,DeepDISObind-protein,0.1,0.8203,0.7547,0.8779,0.0455,0.8890,0.0687,12
Binding,DeepDISObind-protein,0.05,0.9147,0.9001,0.9588,0.0140,0.9780,0.0633,12
Binding,DeepDRPBind-DNA,0.2,0.8183,0.7382,0.8352,0.1406,0.8390,0.0207,12
Binding,DeepDRPBind-DNA,0.1,0.9196,0.8977,0.9782,0.0588,0.9510,0.0314,12
Binding,DeepDRPBind-DNA,0.05,0.9800,0.9478,0.9913,0.0400,0.9860,0.0060,12
Binding,DeepDRPBind-RNA,0.2,0.8414,0.8031,0.8506,0.1785,0.8590,0.0176,12
Binding,DeepDRPBind-RNA,0.1,0.9223,0.9120,0.9326,0.0541,0.9350,0.0127,12
Binding,DeepDRPBind-RNA,0.05,0.9795,0.9750,0.9988,0.0076,0.9890,0.0095,12
Binding,DeepDRPBind-protein,0.2,0.7545,0.6834,0.8313,0.1667,0.8550,0.1005,12
Binding,DeepDRPBind-protein,0.1,0.9046,0.8858,0.9109,0.0783,0.9430,0.0384,12
Binding,DeepDRPBind-protein,0.05,0.9750,0.9471,0.9822,0.0000,0.9890,0.0140,12
Binding,DeepIDP-2L,0.2,0.6116,0.4901,0.6994,0.1527,0.6460,0.0344,12
Binding,DeepIDP-2L,0.1,0.7298,0.6936,0.8274,0.0805,0.8560,0.1262,12
Binding,DeepIDP-2L,0.05,0.9561,0.8320,0.9605,0.0000,0.9740,0.0179,12
Binding,DisEMBL-dis465,0.2,0.8193,0.7772,0.8480,0.1365,0.8040,-0.0153,12
Binding,DisEMBL-dis465,0.1,0.9342,0.9170,0.9457,0.0376,0.9070,-0.0272,12
Binding,DisEMBL-dis465,0.05,0.9808,0.9764,0.9827,0.0053,0.9720,-0.0088,12
Binding,DisEMBL-disHL,0.2,0.7784,0.7518,0.8228,0.1704,0.7850,0.0066,12
Binding,DisEMBL-disHL,0.1,0.9205,0.9114,0.9367,0.0694,0.9150,-0.0055,12
Binding,DisEMBL-disHL,0.05,0.9842,0.9829,0.9894,0.0107,0.9840,-0.0002,12
Binding,DisPredict2,0.2,0.8226,0.7935,0.8318,0.1570,0.8010,-0.0216,12
Binding,DisPredict2,0.1,0.9267,0.9054,0.9476,0.0729,0.9160,-0.0107,12
Binding,DisPredict2,0.05,0.9822,0.9350,0.9891,0.0130,0.9780,-0.0042,12
Binding,DisoMine,0.2,0.6415,0.5929,0.6850,0.1709,0.7040,0.0625,12
Binding,DisoMine,0.1,0.9304,0.8026,0.9417,0.0312,0.8980,-0.0324,12
Binding,DisoMine,0.05,0.9620,0.9580,0.9800,0.0140,0.9840,0.0220,12
Binding,DisoRDPbind-dna,0.2,0.8657,0.8131,0.8982,0.1372,0.8530,-0.0127,12
Binding,DisoRDPbind-dna,0.1,0.9323,0.9024,0.9772,0.0734,0.9460,0.0137,12
Binding,DisoRDPbind-dna,0.05,0.9951,0.9540,0.9982,0.0089,0.9840,-0.0111,12
Binding,DisoRDPbind-prot,0.2,0.6815,0.6460,0.7691,0.1450,0.7470,0.0655,12
Binding,DisoRDPbind-prot,0.1,0.9486,0.9200,0.9679,0.0490,0.8640,-0.0846,12
Binding,DisoRDPbind-prot,0.05,0.9883,0.9858,0.9945,0.0160,0.9540,-0.0343,12
Binding,DisoRDPbind-rna,0.2,0.9067,0.9010,0.9236,0.1797,0.8980,-0.0087,12
Binding,DisoRDPbind-rna,0.1,0.9645,0.9610,0.9858,0.0573,0.9580,-0.0065,12
Binding,DisoRDPbind-rna,0.05,0.9856,0.9817,1.0000,0.0371,0.9930,0.0074,12
Binding,DisorderUnetLM,0.2,0.5683,0.5100,0.5811,0.1677,0.5230,-0.0453,12
Binding,DisorderUnetLM,0.1,0.6451,0.5727,0.6890,0.0680,0.7970,0.1519,12
Binding,DisorderUnetLM,0.05,0.7339,0.6858,0.9102,0.0460,0.9660,0.2321,12
Binding,ENSHROUD-all,0.2,0.6327,0.5624,0.6906,0.1748,0.6440,0.0113,12
Binding,ENSHROUD-all,0.1,0.8547,0.7811,0.9259,0.0616,0.8500,-0.0047,12
Binding,ENSHROUD-all,0.05,0.9868,0.9704,0.9919,0.0000,0.9770,-0.0098,12
Binding,ENSHROUD-nucleic,0.2,0.6996,0.6370,0.7196,0.1233,0.7540,0.0544,12
Binding,ENSHROUD-nucleic,0.1,0.8368,0.8184,0.8899,0.0353,0.8700,0.0332,12
Binding,ENSHROUD-nucleic,0.05,0.9842,0.9836,0.9885,0.0044,0.9660,-0.0182,12
Binding,ENSHROUD-protein,0.2,0.6248,0.5351,0.6501,0.1463,0.6100,-0.0148,12
Binding,ENSHROUD-protein,0.1,0.7619,0.6585,0.8691,0.0539,0.8480,0.0861,12
Binding,ENSHROUD-protein,0.05,0.9738,0.9633,0.9812,0.0044,0.9750,0.0012,12
Binding,ESpritz-D,0.2,0.7260,0.5983,0.7915,0.1273,0.7270,0.0010,12
Binding,ESpritz-D,0.1,0.8487,0.8270,0.8819,0.0590,0.8780,0.0293,12
Binding,ESpritz-D,0.05,0.9904,0.9665,0.9935,0.0000,0.9860,-0.0044,12
Binding,ESpritz-N,0.2,0.6995,0.6510,0.7304,0.1309,0.7310,0.0315,12
Binding,ESpritz-N,0.1,0.8698,0.7872,0.8903,0.0319,0.9040,0.0342,12
Binding,ESpritz-N,0.05,0.9860,0.9175,0.9951,0.0094,0.9830,-0.0030,12
Binding,ESpritz-X,0.2,0.7195,0.6647,0.7642,0.1285,0.8100,0.0905,12
Binding,ESpritz-X,0.1,0.8909,0.8748,0.8992,0.0287,0.9210,0.0301,12
Binding,ESpritz-X,0.05,0.9745,0.9673,0.9783,0.0030,0.9840,0.0095,12
Binding,IPA-All-bind,0.2,0.6790,0.6382,0.7047,0.1244,0.6710,-0.0080,12
Binding,IPA-All-bind,0.1,0.8673,0.8106,0.8814,0.0297,0.8620,-0.0053,12
Binding,IPA-All-bind,0.05,0.9903,0.9698,0.9908,0.0000,0.9340,-0.0563,12
Binding,IPA-Nucleotide-bind,0.2,0.6813,0.6655,0.7282,0.1362,0.8420,0.1607,12
Binding,IPA-Nucleotide-bind,0.1,0.8709,0.7676,0.8975,0.0278,0.9360,0.0651,12
Binding,IPA-Nucleotide-bind,0.05,0.9945,0.9799,0.9961,0.0000,0.9900,-0.0045,12
Binding,IPA-Protein-bind,0.2,0.6832,0.6690,0.7245,0.1383,0.6390,-0.0442,12
Binding,IPA-Protein-bind,0.1,0.8320,0.7858,0.8819,0.0400,0.8470,0.0150,12
Binding,IPA-Protein-bind,0.05,0.9319,0.9107,0.9390,0.0000,0.9240,-0.0079,12
Binding,IUPred3,0.2,0.7074,0.6290,0.8556,0.1655,0.7310,0.0236,12
Binding,IUPred3,0.1,0.9285,0.8981,0.9529,0.0548,0.8640,-0.0645,12
Binding,IUPred3,0.05,0.9950,0.9930,0.9963,0.0058,0.9620,-0.0330,12
Binding,IsUnstruct,0.2,0.7089,0.6454,0.7602,0.1526,0.7880,0.0791,12
Binding,IsUnstruct,0.1,0.8618,0.8263,0.8806,0.0430,0.8870,0.0252,12
Binding,IsUnstruct,0.05,0.9972,0.9866,0.9976,0.0000,0.9780,-0.0192,12
Binding,LINKER-Pred-Lite,0.2,0.6939,0.6483,0.7658,0.2013,0.6960,0.0021,12
Binding,LINKER-Pred-Lite,0.1,0.8893,0.8214,0.9309,0.0763,0.8930,0.0037,12
Binding,LINKER-Pred-Lite,0.05,0.9445,0.9265,0.9575,0.0484,0.9840,0.0395,12
Binding,LINKER-Pred,0.2,0.6656,0.6182,0.6816,0.1702,0.6650,-0.0006,12
Binding,LINKER-Pred,0.1,0.8028,0.7653,0.8627,0.0945,0.8240,0.0212,12
Binding,LINKER-Pred,0.05,0.9652,0.9356,0.9719,0.0478,0.9650,-0.0002,12
Binding,LINKER-Pred2,0.2,0.6667,0.5831,0.7099,0.1663,0.6640,-0.0027,12
Binding,LINKER-Pred2,0.1,0.8149,0.7825,0.8444,0.0787,0.8400,0.0251,12
Binding,LINKER-Pred2,0.05,0.9472,0.9323,0.9931,0.0425,0.9700,0.0228,12
Binding,LIPNet,0.2,0.6169,0.5835,0.6449,0.1661,0.6180,0.0011,12
Binding,LIPNet,0.1,0.7909,0.7669,0.8276,0.0600,0.8250,0.0341,12
Binding,LIPNet,0.05,0.9107,0.8821,0.9250,0.0085,0.9400,0.0293,12
Binding,LMDisorder,0.2,0.5931,0.5625,0.6420,0.1196,0.7160,0.1229,12
Binding,LMDisorder,0.1,0.7151,0.6682,0.7582,0.0482,0.9030,0.1879,12
Binding,LMDisorder,0.05,0.8793,0.8074,0.9078,0.0042,0.9780,0.0987,12
Binding,Metapredict-v1,0.2,0.7069,0.6094,0.7539,0.1305,0.7710,0.0641,12
Binding,Metapredict-v1,0.1,0.8557,0.8101,0.8815,0.0537,0.9040,0.0483,12
Binding,Metapredict-v1,0.05,0.9731,0.9689,0.9774,0.0021,0.9900,0.0169,12
Binding,Metapredict-v2,0.2,0.6188,0.5987,0.6519,0.1556,0.6890,0.0702,12
Binding,Metapredict-v2,0.1,0.7854,0.7673,0.8223,0.0537,0.8800,0.0946,12
Binding,Metapredict-v2,0.05,0.9069,0.8913,0.9497,0.0075,0.9710,0.0641,12
Binding,Metapredict-v3,0.2,0.5798,0.5382,0.6080,0.1640,0.6620,0.0822,12
Binding,Metapredict-v3,0.1,0.7301,0.6478,0.7765,0.0346,0.8990,0.1689,12
Binding,Metapredict-v3,0.05,0.8746,0.8167,0.8828,0.0000,0.9750,0.1004,12
Binding,MoRFchibi-light,0.2,0.6705,0.6358,0.7293,0.1931,0.6730,0.0025,12
Binding,MoRFchibi-light,0.1,0.8427,0.7975,0.8816,0.0586,0.8760,0.0333,12
Binding,MoRFchibi-light,0.05,0.9673,0.9505,0.9784,0.0024,0.9660,-0.0013,12
Binding,MoRFchibi-web,0.2,0.6845,0.6633,0.7214,0.1520,0.7150,0.0305,12
Binding,MoRFchibi-web,0.1,0.8512,0.8148,0.8819,0.0555,0.8740,0.0228,12
Binding,MoRFchibi-web,0.05,0.9789,0.9678,0.9818,0.0030,0.9640,-0.0149,12
Binding,MoRFchibi,0.2,0.7369,0.7012,0.7953,0.1623,0.7190,-0.0179,12
Binding,MoRFchibi,0.1,0.8884,0.8546,0.9260,0.0671,0.9020,0.0136,12
Binding,MoRFchibi,0.05,0.9903,0.9695,0.9917,0.0072,0.9810,-0.0093,12
Binding,MobiDB-lite,0.2,0.6779,0.6183,0.7276,0.1499,0.7430,0.0651,12
Binding,MobiDB-lite,0.1,0.8549,0.8159,0.9029,0.0630,0.8850,0.0301,12
Binding,MobiDB-lite,0.05,0.9525,0.8880,0.9634,0.0080,0.9780,0.0255,12
Binding,NeProc2-beta-binding,0.2,0.5763,0.5504,0.6340,0.2019,0.7620,0.1857,12
Binding,NeProc2-beta-binding,0.1,0.7622,0.6323,0.8128,0.0748,0.9130,0.1508,12
Binding,NeProc2-beta-binding,0.05,0.9706,0.9404,0.9734,0.0000,0.9880,0.0174,12
Binding,NeProc2-beta-disorder,0.2,0.5756,0.4750,0.6258,0.1964,0.7120,0.1364,12
Binding,NeProc2-beta-disorder,0.1,0.7642,0.6332,0.8141,0.0734,0.9070,0.1428,12
Binding,NeProc2-beta-disorder,0.05,0.9686,0.9384,0.9722,0.0000,0.9840,0.0154,12
Binding,OPAL,0.2,0.7063,0.6552,0.7924,0.1962,0.7450,0.0387,12
Binding,OPAL,0.1,0.8509,0.7730,0.8953,0.0590,0.8770,0.0261,12
Binding,OPAL,0.05,0.9288,0.8861,0.9347,0.0179,0.9630,0.0342,12
Binding,PUNCH2-Light,0.2,0.5675,0.4907,0.5824,0.1770,0.7310,0.1635,12
Binding,PUNCH2-Light,0.1,0.6645,0.6088,0.7106,0.0694,0.9080,0.2435,12
Binding,PUNCH2-Light,0.05,0.9207,0.8720,0.9274,0.0024,0.9790,0.0583,12
Binding,PUNCH2,0.2,0.5746,0.4937,0.5901,0.1715,0.7490,0.1744,12
Binding,PUNCH2,0.1,0.6806,0.6243,0.7269,0.0615,0.9140,0.2334,12
Binding,PUNCH2,0.05,0.9061,0.8686,0.9291,0.0042,0.9840,0.0779,12
Binding,PredIDR2-Prof-Art,0.2,0.6309,0.5764,0.6961,0.1307,0.6930,0.0621,12
Binding,PredIDR2-Prof-Art,0.1,0.7516,0.7028,0.7760,0.0740,0.9060,0.1544,12
Binding,PredIDR2-Prof-Art,0.05,0.8842,0.8384,0.9104,0.0248,0.9830,0.0988,12
Binding,PredIDR2-Prof-Rnd,0.2,0.6088,0.5395,0.6641,0.1629,0.6460,0.0372,12
Binding,PredIDR2-Prof-Rnd,0.1,0.7240,0.6919,0.7749,0.0749,0.9040,0.1800,12
Binding,PredIDR2-Prof-Rnd,0.05,0.8176,0.7957,0.9035,0.0367,0.9870,0.1694,12
Binding,PredIDR2-Seq-Art,0.2,0.6394,0.5773,0.6752,0.1538,0.7290,0.0896,12
Binding,PredIDR2-Seq-Art,0.1,0.7626,0.7301,0.8472,0.0632,0.9410,0.1784,12
Binding,PredIDR2-Seq-Art,0.05,0.9298,0.9215,0.9397,0.0074,0.9880,0.0582,12
Binding,PredIDR2-Seq-Rnd,0.2,0.6453,0.5762,0.7248,0.1421,0.7400,0.0947,12
Binding,PredIDR2-Seq-Rnd,0.1,0.8112,0.7230,0.8560,0.0722,0.9250,0.1138,12
Binding,PredIDR2-Seq-Rnd,0.05,0.9067,0.8800,0.9255,0.0270,0.9900,0.0833,12
Binding,ProBiPred-nucleic,0.2,0.7150,0.6872,0.7519,0.1688,0.7090,-0.0060,12
Binding,ProBiPred-nucleic,0.1,0.8867,0.8678,0.9257,0.0570,0.8840,-0.0027,12
Binding,ProBiPred-nucleic,0.05,0.9701,0.9632,0.9753,0.0131,0.9760,0.0059,12
Binding,ProBiPred-protein,0.2,0.8148,0.8004,0.8315,0.1861,0.7920,-0.0228,12
Binding,ProBiPred-protein,0.1,0.9053,0.8994,0.9175,0.0833,0.9100,0.0047,12
Binding,ProBiPred-protein,0.05,0.9817,0.9802,0.9875,0.0334,0.9840,0.0023,12
Binding,RONN,0.2,0.7676,0.7281,0.7831,0.1398,0.7840,0.0164,12
Binding,RONN,0.1,0.8851,0.8526,0.8952,0.0254,0.8950,0.0099,12
Binding,RONN,0.05,0.9902,0.9751,0.9925,0.0000,0.9580,-0.0322,12
Binding,SETH-0,0.2,0.5647,0.5296,0.6037,0.1625,0.7720,0.2073,12
Binding,SETH-0,0.1,0.6876,0.6630,0.7528,0.0607,0.9170,0.2294,12
Binding,SETH-0,0.05,0.9624,0.9421,0.9663,0.0016,0.9860,0.0236,12
Binding,SETH-1,0.2,0.5668,0.5388,0.5991,0.1989,0.6850,0.1182,12
Binding,SETH-1,0.1,0.7005,0.6710,0.7476,0.0626,0.9090,0.2085,12
Binding,SETH-1,0.05,0.9190,0.9069,0.9252,0.0039,0.9850,0.0660,12
Binding,SPOT-Disorder-Single,0.2,0.6464,0.5558,0.7261,0.1471,0.7960,0.1496,12
Binding,SPOT-Disorder-Single,0.1,0.8697,0.8423,0.9022,0.0430,0.9420,0.0723,12
Binding,SPOT-Disorder-Single,0.05,0.9601,0.9577,0.9636,0.0032,0.9870,0.0269,12
Binding,SPOT-Disorder,0.2,0.6139,0.5156,0.6729,0.1667,0.7010,0.0871,12
Binding,SPOT-Disorder,0.1,0.8506,0.8291,0.8661,0.0297,0.9070,0.0564,12
Binding,SPOT-Disorder,0.05,0.9420,0.9284,0.9489,0.0000,0.9800,0.0380,12
Binding,UdonPred-DisProt,0.2,0.6204,0.5709,0.6730,0.1781,0.6740,0.0536,12
Binding,UdonPred-DisProt,0.1,0.7827,0.7498,0.8464,0.0661,0.8840,0.1013,12
Binding,UdonPred-DisProt,0.05,0.9553,0.9172,0.9633,0.0223,0.9920,0.0367,12
Binding,UdonPred-TriZOD,0.2,0.5809,0.5394,0.6368,0.1712,0.6980,0.1171,12
Binding,UdonPred-TriZOD,0.1,0.7100,0.6822,0.7770,0.0679,0.8710,0.1610,12
Binding,UdonPred-TriZOD,0.05,0.8898,0.8623,0.9040,0.0136,0.9740,0.0842,12
Binding,UdonPred-combined,0.2,0.5618,0.4884,0.5832,0.2067,0.5870,0.0252,12
Binding,UdonPred-combined,0.1,0.7199,0.5994,0.7691,0.0573,0.8570,0.1371,12
Binding,UdonPred-combined,0.05,0.9072,0.8503,0.9333,0.0129,0.9750,0.0678,12
Binding,VSL2,0.2,0.6725,0.6012,0.7616,0.1568,0.7520,0.0795,12
Binding,VSL2,0.1,0.8190,0.7903,0.8774,0.0526,0.8630,0.0440,12
Binding,VSL2,0.05,0.9921,0.9796,0.9928,0.0000,0.9650,-0.0271,12
Binding,bindEmbed21IDR-idrGeneral,0.2,0.7862,0.7597,0.8455,0.2306,0.7960,0.0098,12
Binding,bindEmbed21IDR-idrGeneral,0.1,0.9432,0.9035,0.9590,0.0804,0.8990,-0.0442,12
Binding,bindEmbed21IDR-idrGeneral,0.05,0.9817,0.9763,0.9934,0.0132,0.9680,-0.0137,12
Binding,bindEmbed21IDR-idrNuc,0.2,0.8249,0.7631,0.8562,0.1646,0.8350,0.0101,12
Binding,bindEmbed21IDR-idrNuc,0.1,0.9045,0.8508,0.9221,0.0895,0.9420,0.0375,12
Binding,bindEmbed21IDR-idrNuc,0.05,0.9818,0.9458,0.9837,0.0050,0.9860,0.0042,12
Binding,bindEmbed21IDR-rawGeneral,0.2,0.7857,0.7626,0.8323,0.2293,0.8040,0.0183,12
Binding,bindEmbed21IDR-rawGeneral,0.1,0.9482,0.8953,0.9672,0.0799,0.9130,-0.0352,12
Binding,bindEmbed21IDR-rawGeneral,0.05,0.9970,0.9847,0.9980,0.0032,0.9780,-0.0190,12
Binding,bindEmbed21IDR-rawNuc,0.2,0.7862,0.7103,0.8009,0.1680,0.8500,0.0638,12
Binding,bindEmbed21IDR-rawNuc,0.1,0.8902,0.8516,0.9200,0.0595,0.9550,0.0648,12
Binding,bindEmbed21IDR-rawNuc,0.05,0.9482,0.9141,0.9704,0.0181,0.9860,0.0378,12
Binding,flDPlr,0.2,0.6217,0.5836,0.6468,0.1341,0.6100,-0.0117,12
Binding,flDPlr,0.1,0.8162,0.7508,0.8583,0.0619,0.8250,0.0088,12
Binding,flDPlr,0.05,0.9063,0.8855,0.9440,0.0285,0.9490,0.0427,12
Binding,flDPlr2,0.2,0.6730,0.6206,0.6972,0.1303,0.6240,-0.0490,12
Binding,flDPlr2,0.1,0.8076,0.7476,0.8899,0.0600,0.8310,0.0234,12
Binding,flDPlr2,0.05,0.9290,0.9158,0.9632,0.0313,0.9440,0.0150,12
Binding,flDPnn,0.2,0.6133,0.5862,0.6534,0.1553,0.6310,0.0177,12
Binding,flDPnn,0.1,0.8120,0.7847,0.8881,0.0655,0.8590,0.0470,12
Binding,flDPnn,0.05,0.9015,0.8893,0.9988,0.0432,0.9720,0.0705,12
Binding,flDPnn2,0.2,0.6228,0.5842,0.6386,0.1477,0.5930,-0.0298,12
Binding,flDPnn2,0.1,0.7988,0.7385,0.8644,0.0597,0.7640,-0.0348,12
Binding,flDPnn2,0.05,0.9269,0.9194,0.9836,0.0416,0.9380,0.0111,12
Binding,flDPnn3a,0.2,0.5567,0.5162,0.6062,0.1520,0.5570,0.0003,12
Binding,flDPnn3a,0.1,0.6851,0.6187,0.7912,0.0693,0.7630,0.0779,12
Binding,flDPnn3a,0.05,0.8822,0.8661,0.9019,0.0134,0.9310,0.0488,12
Binding,flDPnn3b,0.2,0.5753,0.5634,0.6055,0.1880,0.6450,0.0697,12
Binding,flDPnn3b,0.1,0.6967,0.6555,0.7881,0.0984,0.8640,0.1673,12
Binding,flDPnn3b,0.05,0.9886,0.9314,0.9931,0.0000,0.9860,-0.0026,12
Binding,pyHCA,0.2,0.7122,0.6716,0.7707,0.1358,0.7880,0.0758,12
Binding,pyHCA,0.1,0.8528,0.7730,0.8880,0.0441,0.9370,0.0842,12
Binding,pyHCA,0.05,0.9840,0.9061,0.9941,0.0000,0.9900,0.0060,12
Binding,rawMSA-disorder,0.2,0.6124,0.5791,0.6357,0.1576,0.5760,-0.0364,12
Binding,rawMSA-disorder,0.1,0.8331,0.7951,0.8537,0.0345,0.8250,-0.0081,12
Binding,rawMSA-disorder,0.05,0.9063,0.8850,0.9178,0.0000,0.9500,0.0437,12
Binding,rawMSA,0.2,0.6227,0.5606,0.6547,0.1472,0.7180,0.0953,12
Binding,rawMSA,0.1,0.7487,0.7218,0.7906,0.0247,0.8780,0.1293,12
Binding,rawMSA,0.05,0.9779,0.9273,0.9819,0.0000,0.9640,-0.0139,12
Binding,s2D-2,0.2,0.7460,0.7175,0.7781,0.1720,0.7510,0.0050,12
Binding,s2D-2,0.1,0.8504,0.8320,0.8812,0.0712,0.8920,0.0416,12
Binding,s2D-2,0.05,0.9465,0.9192,0.9527,0.0082,0.9820,0.0355,12
Binding,DisorderNet-windowed,0.2,0.4935,0.4568,0.5039,0.1808,0.5330,0.0395,12
Binding,DisorderNet-windowed,0.1,0.6104,0.5610,0.7290,0.1028,0.7340,0.1236,12
Binding,DisorderNet-windowed,0.05,0.7865,0.7187,0.8357,0.0267,0.9560,0.1695,12
Binding,DisorderNet-pbias,0.2,0.5377,0.5001,0.6020,0.1898,0.5230,-0.0147,12
Binding,DisorderNet-pbias,0.1,0.7393,0.6387,0.8182,0.0632,0.7740,0.0347,12
Binding,DisorderNet-pbias,0.05,0.9079,0.8779,0.9562,0.0400,0.9470,0.0391,12
Binding-IDR,AIUPred-2-binding,0.2,0.7381,0.6863,0.8194,0.2026,0.6730,-0.0651,12
Binding-IDR,AIUPred-2-binding,0.1,0.9361,0.8976,0.9861,0.0571,0.8700,-0.0661,12
Binding-IDR,AIUPred-2-binding,0.05,1.0000,0.9636,1.0000,0.0000,0.9840,-0.0160,12
Binding-IDR,AIUPred-2-disorder,0.2,0.8461,0.7826,0.8829,0.1989,0.8930,0.0469,12
Binding-IDR,AIUPred-2-disorder,0.1,0.9581,0.9072,0.9760,0.0607,0.9640,0.0059,12
Binding-IDR,AIUPred-2-disorder,0.05,1.0000,0.9701,1.0000,0.0000,0.9940,-0.0060,12
Binding-IDR,AIUPred,0.2,0.8545,0.8303,0.8950,0.1586,0.8560,0.0015,12
Binding-IDR,AIUPred,0.1,0.9356,0.9069,0.9990,0.0659,0.9310,-0.0046,12
Binding-IDR,AIUPred,0.05,1.0000,0.9796,1.0000,0.0000,0.9860,-0.0140,12
Binding-IDR,ANCHOR2,0.2,0.8339,0.8004,0.8887,0.1687,0.8510,0.0171,12
Binding-IDR,ANCHOR2,0.1,0.9831,0.9547,0.9995,0.0381,0.9450,-0.0381,12
Binding-IDR,ANCHOR2,0.05,1.0000,0.9840,1.0000,0.0000,0.9900,-0.0100,12
Binding-IDR,APOD,0.2,0.8655,0.8194,0.9027,0.1477,0.8670,0.0015,12
Binding-IDR,APOD,0.1,0.9421,0.9001,0.9597,0.0688,0.9490,0.0069,12
Binding-IDR,APOD,0.05,0.9786,0.9623,0.9853,0.0047,0.9880,0.0094,12
Binding-IDR,AUCpred-no-profile,0.2,0.8387,0.8208,0.8823,0.1637,0.8840,0.0453,12
Binding-IDR,AUCpred-no-profile,0.1,0.9699,0.9500,0.9871,0.0661,0.9520,-0.0179,12
Binding-IDR,AUCpred-no-profile,0.05,1.0000,0.9870,1.0000,0.0000,0.9920,-0.0080,12
Binding-IDR,AUCpred-profile,0.2,0.8738,0.7656,0.9200,0.1479,0.8820,0.0082,12
Binding-IDR,AUCpred-profile,0.1,0.9557,0.9409,0.9797,0.0751,0.9610,0.0053,12
Binding-IDR,AUCpred-profile,0.05,0.9910,0.9736,0.9977,0.0000,0.9920,0.0010,12
Binding-IDR,AlphaFold-binding,0.2,0.8307,0.8032,0.8740,0.2062,0.8200,-0.0107,12
Binding-IDR,AlphaFold-binding,0.1,0.9251,0.8736,0.9646,0.0719,0.9310,0.0059,12
Binding-IDR,AlphaFold-binding,0.05,0.9885,0.9754,0.9941,0.0032,0.9860,-0.0025,12
Binding-IDR,AlphaFold-pLDDT,0.2,0.8926,0.8566,0.9109,0.1437,0.8920,-0.0006,12
Binding-IDR,AlphaFold-pLDDT,0.1,0.9484,0.9367,0.9718,0.0550,0.9560,0.0076,12
Binding-IDR,AlphaFold-pLDDT,0.05,0.9903,0.9867,0.9943,0.0111,0.9920,0.0017,12
Binding-IDR,AlphaFold-rsa,0.2,0.8305,0.8032,0.8743,0.2062,0.8760,0.0455,12
Binding-IDR,AlphaFold-rsa,0.1,0.9251,0.8736,0.9646,0.0719,0.9520,0.0269,12
Binding-IDR,AlphaFold-rsa,0.05,0.9885,0.9754,0.9941,0.0032,0.9940,0.0055,12
Binding-IDR,AlphaFold3-binding,0.2,0.7931,0.7651,0.8732,0.2354,0.7820,-0.0111,12
Binding-IDR,AlphaFold3-binding,0.1,0.9175,0.8777,0.9342,0.0781,0.9020,-0.0155,12
Binding-IDR,AlphaFold3-binding,0.05,0.9907,0.9721,0.9939,0.0016,0.9860,-0.0047,12
Binding-IDR,AlphaFold3-pLDDT,0.2,0.8541,0.8274,0.8655,0.1582,0.8790,0.0249,12
Binding-IDR,AlphaFold3-pLDDT,0.1,0.9492,0.9360,0.9652,0.0482,0.9560,0.0068,12
Binding-IDR,AlphaFold3-pLDDT,0.05,0.9891,0.9796,0.9936,0.0166,0.9890,-0.0001,12
Binding-IDR,AlphaFold3-rsa,0.2,0.8018,0.7799,0.8730,0.2369,0.8740,0.0722,12
Binding-IDR,AlphaFold3-rsa,0.1,0.9179,0.8777,0.9339,0.0781,0.9470,0.0291,12
Binding-IDR,AlphaFold3-rsa,0.05,0.9907,0.9721,0.9939,0.0016,0.9920,0.0013,12
Binding-IDR,CLIP,0.2,0.7658,0.7461,0.7954,0.2022,0.8110,0.0452,12
Binding-IDR,CLIP,0.1,0.8963,0.8793,0.9327,0.0701,0.9220,0.0257,12
Binding-IDR,CLIP,0.05,0.9761,0.9688,0.9792,0.0100,0.9860,0.0099,12
Binding-IDR,DARUMA-beta,0.2,0.8617,0.8217,0.8883,0.1844,0.8780,0.0163,12
Binding-IDR,DARUMA-beta,0.1,0.9640,0.9260,0.9772,0.0361,0.9480,-0.0160,12
Binding-IDR,DARUMA-beta,0.05,1.0000,0.9762,1.0000,0.0000,0.9900,-0.0100,12
Binding-IDR,DFLpred,0.2,0.8695,0.8425,0.8878,0.1627,0.8810,0.0115,12
Binding-IDR,DFLpred,0.1,0.9571,0.9457,0.9689,0.0565,0.9530,-0.0041,12
Binding-IDR,DFLpred,0.05,0.9889,0.9871,0.9940,0.0041,0.9880,-0.0009,12
Binding-IDR,DISOPRED3-bind,0.2,0.8540,0.7574,0.9017,0.1695,0.8140,-0.0400,12
Binding-IDR,DISOPRED3-bind,0.1,0.9145,0.8803,0.9812,0.0919,0.9120,-0.0025,12
Binding-IDR,DISOPRED3-bind,0.05,0.9892,0.9729,1.0000,0.0000,0.9860,-0.0032,12
Binding-IDR,DISOPRED3-diso,0.2,0.8903,0.8713,0.9278,0.1360,0.8760,-0.0143,12
Binding-IDR,DISOPRED3-diso,0.1,0.9834,0.9669,0.9904,0.0282,0.9600,-0.0234,12
Binding-IDR,DISOPRED3-diso,0.05,1.0000,0.9908,1.0000,0.0000,0.9940,-0.0060,12
Binding-IDR,DRPBind-DNA,0.2,0.8800,0.8380,0.9068,0.1095,0.8700,-0.0100,12
Binding-IDR,DRPBind-DNA,0.1,0.9392,0.9052,0.9554,0.0653,0.9530,0.0138,12
Binding-IDR,DRPBind-DNA,0.05,0.9849,0.9808,0.9932,0.0031,0.9900,0.0051,12
Binding-IDR,DRPBind-RNA,0.2,0.8486,0.8015,0.8916,0.1552,0.8210,-0.0276,12
Binding-IDR,DRPBind-RNA,0.1,0.9744,0.9612,0.9921,0.0403,0.9350,-0.0394,12
Binding-IDR,DRPBind-RNA,0.05,0.9977,0.9798,1.0000,0.0000,0.9900,-0.0077,12
Binding-IDR,DRPBind-protein,0.2,0.8467,0.8185,0.8777,0.1314,0.8620,0.0153,12
Binding-IDR,DRPBind-protein,0.1,0.9797,0.9411,0.9900,0.0235,0.9450,-0.0347,12
Binding-IDR,DRPBind-protein,0.05,1.0000,0.9917,1.0000,0.0000,0.9910,-0.0090,12
Binding-IDR,DeepDISObind-all,0.2,0.8015,0.6814,0.8246,0.2116,0.8270,0.0255,12
Binding-IDR,DeepDISObind-all,0.1,0.9299,0.9096,0.9633,0.0846,0.9300,0.0001,12
Binding-IDR,DeepDISObind-all,0.05,0.9837,0.9663,1.0000,0.0000,0.9900,0.0063,12
Binding-IDR,DeepDISObind-nucleic,0.2,0.7679,0.7155,0.8017,0.2420,0.7820,0.0141,12
Binding-IDR,DeepDISObind-nucleic,0.1,0.9183,0.8747,0.9551,0.0983,0.9220,0.0037,12
Binding-IDR,DeepDISObind-nucleic,0.05,0.9827,0.9625,0.9980,0.0016,0.9900,0.0073,12
Binding-IDR,DeepDISObind-protein,0.2,0.8120,0.6982,0.8476,0.2143,0.8320,0.0200,12
Binding-IDR,DeepDISObind-protein,0.1,0.9448,0.9335,0.9633,0.0646,0.9400,-0.0048,12
Binding-IDR,DeepDISObind-protein,0.05,0.9805,0.9604,0.9990,0.0000,0.9870,0.0065,12
Binding-IDR,DeepDRPBind-DNA,0.2,0.8201,0.7682,0.8482,0.1390,0.8230,0.0029,12
Binding-IDR,DeepDRPBind-DNA,0.1,0.9447,0.9064,0.9675,0.0428,0.9220,-0.0227,12
Binding-IDR,DeepDRPBind-DNA,0.05,0.9947,0.9853,1.0000,0.0040,0.9880,-0.0067,12
Binding-IDR,DeepDRPBind-RNA,0.2,0.8879,0.7929,0.9310,0.2039,0.8700,-0.0179,12
Binding-IDR,DeepDRPBind-RNA,0.1,0.9698,0.9247,0.9801,0.0622,0.9500,-0.0198,12
Binding-IDR,DeepDRPBind-RNA,0.05,1.0000,0.9930,1.0000,0.0000,0.9920,-0.0080,12
Binding-IDR,DeepDRPBind-protein,0.2,0.8199,0.8059,0.8510,0.1819,0.8520,0.0321,12
Binding-IDR,DeepDRPBind-protein,0.1,0.9388,0.8947,0.9638,0.0369,0.9360,-0.0028,12
Binding-IDR,DeepDRPBind-protein,0.05,0.9867,0.9836,0.9888,0.0061,0.9900,0.0033,12
Binding-IDR,DeepIDP-2L,0.2,0.8456,0.8124,0.8872,0.1573,0.8510,0.0054,12
Binding-IDR,DeepIDP-2L,0.1,0.9518,0.9281,0.9716,0.0516,0.9430,-0.0088,12
Binding-IDR,DeepIDP-2L,0.05,0.9760,0.9472,0.9983,0.0000,0.9890,0.0130,12
Binding-IDR,DisEMBL-dis465,0.2,0.9106,0.8682,0.9371,0.1734,0.8880,-0.0226,12
Binding-IDR,DisEMBL-dis465,0.1,0.9740,0.9613,0.9874,0.0482,0.9590,-0.0150,12
Binding-IDR,DisEMBL-dis465,0.05,0.9991,0.9989,0.9992,0.0031,0.9920,-0.0071,12
Binding-IDR,DisEMBL-disHL,0.2,0.8514,0.8354,0.8875,0.2170,0.8520,0.0006,12
Binding-IDR,DisEMBL-disHL,0.1,0.9582,0.9234,0.9712,0.0589,0.9510,-0.0072,12
Binding-IDR,DisEMBL-disHL,0.05,0.9954,0.9877,0.9989,0.0070,0.9930,-0.0024,12
Binding-IDR,DisPredict2,0.2,0.8606,0.8047,0.8913,0.1712,0.8310,-0.0296,12
Binding-IDR,DisPredict2,0.1,0.9789,0.9237,0.9838,0.0317,0.9340,-0.0449,12
Binding-IDR,DisPredict2,0.05,0.9911,0.9842,0.9940,0.0032,0.9880,-0.0031,12
Binding-IDR,DisPredict3,0.2,0.8591,0.7959,0.9080,0.1993,0.8800,0.0209,12
Binding-IDR,DisPredict3,0.1,0.9558,0.9280,0.9851,0.0712,0.9540,-0.0018,12
Binding-IDR,DisPredict3,0.05,0.9974,0.9950,0.9985,0.0035,0.9940,-0.0034,12
Binding-IDR,DisoFLAG-DB,0.2,0.8101,0.7553,0.8569,0.1956,0.8540,0.0439,12
Binding-IDR,DisoFLAG-DB,0.1,0.8914,0.8432,0.9202,0.1033,0.9510,0.0596,12
Binding-IDR,DisoFLAG-DB,0.05,0.9315,0.8778,1.0000,0.0586,0.9920,0.0605,12
Binding-IDR,DisoFLAG-DFL,0.2,0.9028,0.8287,0.9278,0.1584,0.8820,-0.0208,12
Binding-IDR,DisoFLAG-DFL,0.1,0.9659,0.9495,0.9855,0.0696,0.9620,-0.0039,12
Binding-IDR,DisoFLAG-DFL,0.05,0.9974,0.9951,0.9996,0.0046,0.9920,-0.0054,12
Binding-IDR,DisoFLAG-IB,0.2,0.7849,0.6518,0.8943,0.2210,0.7760,-0.0089,12
Binding-IDR,DisoFLAG-IB,0.1,0.9138,0.7737,0.9918,0.1074,0.9100,-0.0038,12
Binding-IDR,DisoFLAG-IB,0.05,0.9892,0.9486,0.9951,0.0256,0.9860,-0.0032,12
Binding-IDR,DisoFLAG-IDR,0.2,0.7984,0.7245,0.8416,0.1823,0.8440,0.0456,12
Binding-IDR,DisoFLAG-IDR,0.1,0.9304,0.8415,0.9647,0.0713,0.9380,0.0076,12
Binding-IDR,DisoFLAG-IDR,0.05,1.0000,0.9575,1.0000,0.0000,0.9860,-0.0140,12
Binding-IDR,DisoFLAG-LB,0.2,0.7218,0.6580,0.8585,0.2210,0.7720,0.0502,12
Binding-IDR,DisoFLAG-LB,0.1,0.9244,0.8556,0.9792,0.0748,0.9080,-0.0164,12
Binding-IDR,DisoFLAG-LB,0.05,0.9851,0.9821,0.9880,0.0000,0.9850,-0.0001,12
Binding-IDR,DisoFLAG-PB,0.2,0.7766,0.7078,0.8417,0.1829,0.8050,0.0284,12
Binding-IDR,DisoFLAG-PB,0.1,0.8987,0.8366,0.9535,0.0680,0.9190,0.0203,12
Binding-IDR,DisoFLAG-PB,0.05,1.0000,0.9282,1.0000,0.0000,0.9840,-0.0160,12
Binding-IDR,DisoFLAG-RB,0.2,0.7528,0.6878,0.8141,0.2307,0.7930,0.0402,12
Binding-IDR,DisoFLAG-RB,0.1,0.8927,0.8864,0.9300,0.0650,0.9250,0.0323,12
Binding-IDR,DisoFLAG-RB,0.05,0.9707,0.9491,0.9929,0.0215,0.9940,0.0233,12
Binding-IDR,DisoMine,0.2,0.7605,0.6847,0.8893,0.2185,0.8360,0.0755,12
Binding-IDR,DisoMine,0.1,0.8994,0.8722,0.9498,0.0889,0.9350,0.0356,12
Binding-IDR,DisoMine,0.05,1.0000,0.9876,1.0000,0.0000,0.9860,-0.0140,12
Binding-IDR,DisoRDPbind-dna,0.2,0.8698,0.8359,0.8807,0.1682,0.8220,-0.0478,12
Binding-IDR,DisoRDPbind-dna,0.1,0.9261,0.9173,0.9785,0.0683,0.9370,0.0109,12
Binding-IDR,DisoRDPbind-dna,0.05,0.9897,0.9802,0.9951,0.0053,0.9880,-0.0017,12
Binding-IDR,DisoRDPbind-prot,0.2,0.8146,0.7327,0.8318,0.1653,0.8590,0.0444,12
Binding-IDR,DisoRDPbind-prot,0.1,0.9527,0.9136,0.9949,0.0442,0.9540,0.0013,12
Binding-IDR,DisoRDPbind-prot,0.05,1.0000,0.9875,1.0000,0.0000,0.9920,-0.0080,12
Binding-IDR,DisoRDPbind-rna,0.2,0.8185,0.7506,0.8507,0.2054,0.8740,0.0555,12
Binding-IDR,DisoRDPbind-rna,0.1,0.9202,0.9123,0.9433,0.0750,0.9460,0.0258,12
Binding-IDR,DisoRDPbind-rna,0.05,0.9790,0.9700,0.9947,0.0442,0.9910,0.0120,12
Binding-IDR,DisorderUnetLM,0.2,0.7980,0.6626,0.8403,0.1895,0.8140,0.0160,12
Binding-IDR,DisorderUnetLM,0.1,0.9283,0.8918,0.9594,0.0771,0.9320,0.0037,12
Binding-IDR,DisorderUnetLM,0.05,0.9876,0.9830,0.9899,0.0000,0.9860,-0.0016,12
Binding-IDR,ENSHROUD-all,0.2,0.7888,0.7610,0.8591,0.1730,0.8360,0.0472,12
Binding-IDR,ENSHROUD-all,0.1,0.9729,0.9330,0.9773,0.0344,0.9400,-0.0329,12
Binding-IDR,ENSHROUD-all,0.05,1.0000,0.9852,1.0000,0.0000,0.9900,-0.0100,12
Binding-IDR,ENSHROUD-nucleic,0.2,0.8100,0.7576,0.8691,0.1849,0.8120,0.0020,12
Binding-IDR,ENSHROUD-nucleic,0.1,0.9204,0.8983,0.9935,0.0893,0.9290,0.0086,12
Binding-IDR,ENSHROUD-nucleic,0.05,1.0000,0.9764,1.0000,0.0000,0.9860,-0.0140,12
Binding-IDR,ENSHROUD-protein,0.2,0.7860,0.7303,0.8510,0.1849,0.8390,0.0530,12
Binding-IDR,ENSHROUD-protein,0.1,0.9279,0.9118,0.9497,0.0600,0.9420,0.0141,12
Binding-IDR,ENSHROUD-protein,0.05,1.0000,0.9628,1.0000,0.0000,0.9890,-0.0110,12
Binding-IDR,ESpritz-D,0.2,0.7393,0.6671,0.7841,0.2514,0.8180,0.0787,12
Binding-IDR,ESpritz-D,0.1,0.9311,0.8801,0.9842,0.0364,0.9220,-0.0091,12
Binding-IDR,ESpritz-D,0.05,1.0000,0.9206,1.0000,0.0000,0.9860,-0.0140,12
Binding-IDR,ESpritz-N,0.2,0.8639,0.8284,0.8827,0.1812,0.8860,0.0221,12
Binding-IDR,ESpritz-N,0.1,0.9453,0.9290,0.9509,0.0555,0.9630,0.0177,12
Binding-IDR,ESpritz-N,0.05,0.9899,0.9806,0.9930,0.0112,0.9940,0.0041,12
Binding-IDR,ESpritz-X,0.2,0.8575,0.7870,0.8722,0.2020,0.8590,0.0015,12
Binding-IDR,ESpritz-X,0.1,0.9593,0.9145,0.9834,0.0433,0.9400,-0.0193,12
Binding-IDR,ESpritz-X,0.05,0.9903,0.9866,1.0000,0.0043,0.9910,0.0007,12
Binding-IDR,IPA-All-bind,0.2,0.7893,0.7488,0.8516,0.1478,0.8150,0.0257,12
Binding-IDR,IPA-All-bind,0.1,0.9027,0.8754,0.9212,0.0830,0.9070,0.0043,12
Binding-IDR,IPA-All-bind,0.05,1.0000,0.9665,1.0000,0.0000,0.9840,-0.0160,12
Binding-IDR,IPA-Nucleotide-bind,0.2,0.8371,0.6986,0.8520,0.1556,0.8440,0.0069,12
Binding-IDR,IPA-Nucleotide-bind,0.1,0.9659,0.9266,1.0000,0.0476,0.9450,-0.0209,12
Binding-IDR,IPA-Nucleotide-bind,0.05,1.0000,0.9847,1.0000,0.0000,0.9920,-0.0080,12
Binding-IDR,IPA-Protein-bind,0.2,0.8432,0.7458,0.8666,0.1429,0.7740,-0.0692,12
Binding-IDR,IPA-Protein-bind,0.1,0.9275,0.9053,0.9459,0.0540,0.8990,-0.0285,12
Binding-IDR,IPA-Protein-bind,0.05,0.9986,0.9745,0.9989,0.0000,0.9840,-0.0146,12
Binding-IDR,IUPred3,0.2,0.8392,0.8140,0.8854,0.1802,0.8830,0.0438,12
Binding-IDR,IUPred3,0.1,0.9244,0.9086,0.9969,0.0964,0.9520,0.0276,12
Binding-IDR,IUPred3,0.05,1.0000,0.9888,1.0000,0.0000,0.9900,-0.0100,12
Binding-IDR,IsUnstruct,0.2,0.8961,0.8388,0.9329,0.1741,0.8920,-0.0041,12
Binding-IDR,IsUnstruct,0.1,0.9695,0.9532,0.9899,0.0453,0.9610,-0.0085,12
Binding-IDR,IsUnstruct,0.05,1.0000,0.9744,1.0000,0.0000,0.9960,-0.0040,12
Binding-IDR,LINKER-Pred-Lite,0.2,0.8792,0.8628,0.9013,0.1714,0.8850,0.0058,12
Binding-IDR,LINKER-Pred-Lite,0.1,0.9410,0.9217,0.9549,0.0562,0.9570,0.0160,12
Binding-IDR,LINKER-Pred-Lite,0.05,0.9807,0.9757,0.9953,0.0022,0.9910,0.0103,12
Binding-IDR,LINKER-Pred,0.2,0.8717,0.8484,0.9098,0.1593,0.8840,0.0123,12
Binding-IDR,LINKER-Pred,0.1,0.9533,0.9108,0.9661,0.0722,0.9530,-0.0003,12
Binding-IDR,LINKER-Pred,0.05,0.9800,0.9640,0.9907,0.0455,0.9860,0.0060,12
Binding-IDR,LINKER-Pred2,0.2,0.8550,0.8375,0.9195,0.1709,0.8760,0.0210,12
Binding-IDR,LINKER-Pred2,0.1,0.9472,0.9150,0.9714,0.0495,0.9560,0.0088,12
Binding-IDR,LINKER-Pred2,0.05,0.9955,0.9635,1.0000,0.0195,0.9920,-0.0035,12
Binding-IDR,LIPNet,0.2,0.7631,0.6838,0.7886,0.1062,0.6770,-0.0861,12
Binding-IDR,LIPNet,0.1,0.8668,0.8412,0.8998,0.0523,0.8630,-0.0038,12
Binding-IDR,LIPNet,0.05,0.9596,0.9352,0.9700,0.0008,0.9820,0.0224,12
Binding-IDR,LMDisorder,0.2,0.8617,0.8050,0.8950,0.1550,0.8710,0.0093,12
Binding-IDR,LMDisorder,0.1,0.9753,0.9557,0.9837,0.0269,0.9490,-0.0263,12
Binding-IDR,LMDisorder,0.05,0.9976,0.9910,0.9978,0.0000,0.9920,-0.0056,12
Binding-IDR,Metapredict-v1,0.2,0.8382,0.8036,0.8680,0.2039,0.8900,0.0518,12
Binding-IDR,Metapredict-v1,0.1,0.9365,0.9176,0.9578,0.0726,0.9540,0.0175,12
Binding-IDR,Metapredict-v1,0.05,0.9825,0.9679,0.9922,0.0235,0.9930,0.0105,12
Binding-IDR,Metapredict-v2,0.2,0.8496,0.7963,0.9250,0.1872,0.9030,0.0534,12
Binding-IDR,Metapredict-v2,0.1,0.9531,0.9165,0.9651,0.0554,0.9650,0.0119,12
Binding-IDR,Metapredict-v2,0.05,0.9838,0.9799,0.9937,0.0100,0.9940,0.0102,12
Binding-IDR,Metapredict-v3,0.2,0.8464,0.8138,0.9179,0.1759,0.8880,0.0416,12
Binding-IDR,Metapredict-v3,0.1,0.9404,0.9067,0.9733,0.0523,0.9590,0.0186,12
Binding-IDR,Metapredict-v3,0.05,0.9854,0.9684,0.9942,0.0000,0.9890,0.0036,12
Binding-IDR,MoRFchibi-light,0.2,0.7623,0.7057,0.8217,0.1578,0.7610,-0.0013,12
Binding-IDR,MoRFchibi-light,0.1,0.9140,0.8901,0.9505,0.0651,0.9100,-0.0040,12
Binding-IDR,MoRFchibi-light,0.05,1.0000,0.9824,1.0000,0.0000,0.9840,-0.0160,12
Binding-IDR,MoRFchibi-web,0.2,0.7503,0.7114,0.7854,0.1449,0.7280,-0.0223,12
Binding-IDR,MoRFchibi-web,0.1,0.9152,0.8774,0.9346,0.0426,0.8840,-0.0312,12
Binding-IDR,MoRFchibi-web,0.05,1.0000,0.9728,1.0000,0.0000,0.9840,-0.0160,12
Binding-IDR,MoRFchibi,0.2,0.7798,0.7574,0.8153,0.1672,0.7600,-0.0198,12
Binding-IDR,MoRFchibi,0.1,0.9025,0.8612,0.9300,0.0726,0.9120,0.0095,12
Binding-IDR,MoRFchibi,0.05,0.9925,0.9898,0.9942,0.0017,0.9880,-0.0045,12
Binding-IDR,MobiDB-lite,0.2,0.8531,0.8060,0.8901,0.1730,0.8620,0.0089,12
Binding-IDR,MobiDB-lite,0.1,0.9309,0.8946,0.9638,0.0857,0.9560,0.0251,12
Binding-IDR,MobiDB-lite,0.05,0.9991,0.9790,1.0000,0.0061,0.9890,-0.0101,12
Binding-IDR,NeProc2-beta-binding,0.2,0.8150,0.7949,0.8680,0.1756,0.8460,0.0310,12
Binding-IDR,NeProc2-beta-binding,0.1,0.9067,0.8707,0.9445,0.0984,0.9350,0.0283,12
Binding-IDR,NeProc2-beta-binding,0.05,1.0000,0.9623,1.0000,0.0000,0.9890,-0.0110,12
Binding-IDR,NeProc2-beta-disorder,0.2,0.8490,0.7588,0.8884,0.1765,0.8380,-0.0110,12
Binding-IDR,NeProc2-beta-disorder,0.1,0.9143,0.8913,0.9459,0.0896,0.9400,0.0257,12
Binding-IDR,NeProc2-beta-disorder,0.05,1.0000,0.9623,1.0000,0.0000,0.9920,-0.0080,12
Binding-IDR,OPAL,0.2,0.8528,0.8044,0.8989,0.1302,0.7700,-0.0828,12
Binding-IDR,OPAL,0.1,0.9396,0.8969,0.9652,0.0463,0.9160,-0.0236,12
Binding-IDR,OPAL,0.05,0.9853,0.9737,0.9954,0.0221,0.9880,0.0027,12
Binding-IDR,PUNCH2-Light,0.2,0.8489,0.8140,0.8906,0.1592,0.8540,0.0051,12
Binding-IDR,PUNCH2-Light,0.1,0.9159,0.9006,0.9559,0.0914,0.9420,0.0261,12
Binding-IDR,PUNCH2-Light,0.05,1.0000,0.9813,1.0000,0.0000,0.9910,-0.0090,12
Binding-IDR,PUNCH2,0.2,0.8551,0.8096,0.8917,0.1457,0.8540,-0.0011,12
Binding-IDR,PUNCH2,0.1,0.9281,0.9051,0.9490,0.0935,0.9420,0.0139,12
Binding-IDR,PUNCH2,0.05,1.0000,0.9815,1.0000,0.0000,0.9910,-0.0090,12
Binding-IDR,PreDisorder,0.2,0.9006,0.8882,0.9289,0.1749,0.8980,-0.0026,12
Binding-IDR,PreDisorder,0.1,0.9835,0.9559,0.9880,0.0372,0.9660,-0.0175,12
Binding-IDR,PreDisorder,0.05,1.0000,0.9945,1.0000,0.0000,0.9940,-0.0060,12
Binding-IDR,PredIDR2-Prof-Art,0.2,0.8699,0.8306,0.9111,0.1690,0.8680,-0.0019,12
Binding-IDR,PredIDR2-Prof-Art,0.1,0.9653,0.9543,0.9848,0.0511,0.9520,-0.0133,12
Binding-IDR,PredIDR2-Prof-Art,0.05,0.9984,0.9934,0.9988,0.0000,0.9860,-0.0124,12
Binding-IDR,PredIDR2-Prof-Rnd,0.2,0.8393,0.8096,0.8907,0.1656,0.8600,0.0207,12
Binding-IDR,PredIDR2-Prof-Rnd,0.1,0.9594,0.9374,0.9719,0.0473,0.9450,-0.0144,12
Binding-IDR,PredIDR2-Prof-Rnd,0.05,0.9919,0.9891,0.9944,0.0000,0.9860,-0.0059,12
Binding-IDR,PredIDR2-Seq-Art,0.2,0.8616,0.8324,0.8913,0.1617,0.8670,0.0054,12
Binding-IDR,PredIDR2-Seq-Art,0.1,0.9795,0.9334,0.9978,0.0428,0.9540,-0.0255,12
Binding-IDR,PredIDR2-Seq-Art,0.05,0.9984,0.9965,0.9988,0.0000,0.9860,-0.0124,12
Binding-IDR,PredIDR2-Seq-Rnd,0.2,0.8299,0.8090,0.8887,0.1747,0.8640,0.0341,12
Binding-IDR,PredIDR2-Seq-Rnd,0.1,0.9733,0.9561,0.9907,0.0441,0.9520,-0.0213,12
Binding-IDR,PredIDR2-Seq-Rnd,0.05,0.9984,0.9832,0.9988,0.0000,0.9880,-0.0104,12
Binding-IDR,ProBiPred-nucleic,0.2,0.7398,0.6687,0.7698,0.1714,0.7260,-0.0138,12
Binding-IDR,ProBiPred-nucleic,0.1,0.9093,0.8885,0.9227,0.0665,0.9000,-0.0093,12
Binding-IDR,ProBiPred-nucleic,0.05,0.9865,0.9766,0.9883,0.0098,0.9890,0.0025,12
Binding-IDR,ProBiPred-protein,0.2,0.7110,0.6955,0.7284,0.1374,0.7030,-0.0080,12
Binding-IDR,ProBiPred-protein,0.1,0.9281,0.8729,0.9418,0.0396,0.8330,-0.0951,12
Binding-IDR,ProBiPred-protein,0.05,0.9893,0.9783,0.9937,0.0000,0.9640,-0.0253,12
Binding-IDR,RONN,0.2,0.9114,0.8826,0.9435,0.1354,0.8740,-0.0374,12
Binding-IDR,RONN,0.1,0.9839,0.9560,0.9965,0.0262,0.9560,-0.0279,12
Binding-IDR,RONN,0.05,1.0000,0.9831,1.0000,0.0000,0.9940,-0.0060,12
Binding-IDR,SETH-0,0.2,0.8736,0.8399,0.8914,0.1996,0.8970,0.0234,12
Binding-IDR,SETH-0,0.1,0.9546,0.9395,0.9721,0.0461,0.9580,0.0034,12
Binding-IDR,SETH-0,0.05,0.9984,0.9813,0.9988,0.0000,0.9920,-0.0064,12
Binding-IDR,SETH-1,0.2,0.8870,0.8664,0.9215,0.1598,0.8910,0.0040,12
Binding-IDR,SETH-1,0.1,0.9431,0.9343,0.9682,0.0585,0.9560,0.0129,12
Binding-IDR,SETH-1,0.05,0.9934,0.9759,0.9953,0.0000,0.9920,-0.0014,12
Binding-IDR,SPOT-Disorder-Single,0.2,0.8576,0.7912,0.9084,0.2135,0.8960,0.0384,12
Binding-IDR,SPOT-Disorder-Single,0.1,0.9426,0.9100,0.9836,0.0680,0.9660,0.0234,12
Binding-IDR,SPOT-Disorder-Single,0.05,0.9949,0.9796,0.9993,0.0015,0.9940,-0.0009,12
Binding-IDR,SPOT-Disorder,0.2,0.8581,0.8114,0.9120,0.1927,0.8770,0.0189,12
Binding-IDR,SPOT-Disorder,0.1,0.9402,0.9010,0.9903,0.0835,0.9580,0.0178,12
Binding-IDR,SPOT-Disorder,0.05,0.9974,0.9950,0.9976,0.0159,0.9940,-0.0034,12
Binding-IDR,UdonPred-DisProt,0.2,0.8051,0.7771,0.8480,0.2068,0.8590,0.0539,12
Binding-IDR,UdonPred-DisProt,0.1,0.9312,0.9239,0.9570,0.0662,0.9430,0.0118,12
Binding-IDR,UdonPred-DisProt,0.05,0.9885,0.9823,0.9931,0.0082,0.9900,0.0015,12
Binding-IDR,UdonPred-TriZOD,0.2,0.8503,0.8185,0.8763,0.2072,0.8780,0.0277,12
Binding-IDR,UdonPred-TriZOD,0.1,0.9367,0.9181,0.9577,0.0791,0.9510,0.0143,12
Binding-IDR,UdonPred-TriZOD,0.05,0.9925,0.9804,0.9952,0.0057,0.9920,-0.0005,12
Binding-IDR,UdonPred-combined,0.2,0.8060,0.7751,0.8540,0.1874,0.8400,0.0340,12
Binding-IDR,UdonPred-combined,0.1,0.9229,0.9001,0.9499,0.0893,0.9390,0.0161,12
Binding-IDR,UdonPred-combined,0.05,1.0000,0.9964,1.0000,0.0000,0.9900,-0.0100,12
Binding-IDR,VSL2,0.2,0.8733,0.8176,0.9284,0.1571,0.8820,0.0087,12
Binding-IDR,VSL2,0.1,0.9663,0.9497,0.9868,0.0393,0.9510,-0.0153,12
Binding-IDR,VSL2,0.05,1.0000,0.9705,1.0000,0.0000,0.9920,-0.0080,12
Binding-IDR,bindEmbed21IDR-idrGeneral,0.2,0.7155,0.6623,0.7709,0.1666,0.6930,-0.0225,12
Binding-IDR,bindEmbed21IDR-idrGeneral,0.1,0.9175,0.8783,0.9275,0.0467,0.8620,-0.0555,12
Binding-IDR,bindEmbed21IDR-idrGeneral,0.05,0.9907,0.9574,0.9984,0.0000,0.9620,-0.0287,12
Binding-IDR,bindEmbed21IDR-idrNuc,0.2,0.7311,0.6806,0.8294,0.1601,0.8220,0.0909,12
Binding-IDR,bindEmbed21IDR-idrNuc,0.1,0.8889,0.8627,0.9315,0.0264,0.9200,0.0311,12
Binding-IDR,bindEmbed21IDR-idrNuc,0.05,0.9216,0.8929,0.9357,0.0000,0.9840,0.0624,12
Binding-IDR,bindEmbed21IDR-rawGeneral,0.2,0.7299,0.6950,0.7615,0.1480,0.6780,-0.0519,12
Binding-IDR,bindEmbed21IDR-rawGeneral,0.1,0.9425,0.8553,0.9556,0.0441,0.8350,-0.1075,12
Binding-IDR,bindEmbed21IDR-rawGeneral,0.05,0.9923,0.9818,0.9939,0.0000,0.9860,-0.0063,12
Binding-IDR,bindEmbed21IDR-rawNuc,0.2,0.7347,0.6618,0.8099,0.1799,0.7870,0.0523,12
Binding-IDR,bindEmbed21IDR-rawNuc,0.1,0.8958,0.8549,0.9288,0.0282,0.9020,0.0062,12
Binding-IDR,bindEmbed21IDR-rawNuc,0.05,0.9731,0.9636,0.9772,0.0000,0.9860,0.0129,12
Binding-IDR,flDPlr,0.2,0.7979,0.7144,0.8266,0.1840,0.8550,0.0571,12
Binding-IDR,flDPlr,0.1,0.9390,0.8274,0.9690,0.0692,0.9430,0.0040,12
Binding-IDR,flDPlr,0.05,1.0000,0.9660,1.0000,0.0000,0.9900,-0.0100,12
Binding-IDR,flDPlr2,0.2,0.8386,0.7818,0.8951,0.1932,0.8860,0.0474,12
Binding-IDR,flDPlr2,0.1,0.9415,0.8745,0.9677,0.0733,0.9580,0.0165,12
Binding-IDR,flDPlr2,0.05,1.0000,0.9576,1.0000,0.0000,0.9920,-0.0080,12
Binding-IDR,flDPnn,0.2,0.8400,0.7495,0.8808,0.1913,0.9060,0.0660,12
Binding-IDR,flDPnn,0.1,0.9405,0.8972,0.9530,0.0493,0.9660,0.0255,12
Binding-IDR,flDPnn,0.05,0.9925,0.9745,0.9993,0.0023,0.9930,0.0005,12
Binding-IDR,flDPnn2,0.2,0.8350,0.7695,0.8774,0.2038,0.8640,0.0290,12
Binding-IDR,flDPnn2,0.1,0.9097,0.8815,0.9425,0.0943,0.9400,0.0303,12
Binding-IDR,flDPnn2,0.05,1.0000,0.9334,1.0000,0.0000,0.9870,-0.0130,12
Binding-IDR,flDPnn3a,0.2,0.8397,0.7155,0.8718,0.1576,0.8400,0.0003,12
Binding-IDR,flDPnn3a,0.1,0.9073,0.8504,0.9399,0.1077,0.9350,0.0277,12
Binding-IDR,flDPnn3a,0.05,0.9924,0.9510,0.9999,0.0000,0.9900,-0.0024,12
Binding-IDR,flDPnn3b,0.2,0.8125,0.7058,0.8786,0.1570,0.8440,0.0315,12
Binding-IDR,flDPnn3b,0.1,0.9223,0.8433,0.9807,0.0683,0.9390,0.0167,12
Binding-IDR,flDPnn3b,0.05,1.0000,0.9597,1.0000,0.0000,0.9910,-0.0090,12
Binding-IDR,pyHCA,0.2,0.8062,0.7551,0.8392,0.1781,0.8590,0.0528,12
Binding-IDR,pyHCA,0.1,0.9043,0.8297,0.9220,0.0822,0.9430,0.0387,12
Binding-IDR,pyHCA,0.05,0.9429,0.9378,0.9643,0.0476,0.9920,0.0491,12
Binding-IDR,rawMSA-disorder,0.2,0.8305,0.7545,0.8721,0.1920,0.8740,0.0435,12
Binding-IDR,rawMSA-disorder,0.1,0.9362,0.9087,0.9494,0.0766,0.9520,0.0158,12
Binding-IDR,rawMSA-disorder,0.05,0.9807,0.9670,0.9990,0.0000,0.9920,0.0113,12
Binding-IDR,rawMSA,0.2,0.8073,0.7249,0.8610,0.1814,0.8700,0.0627,12
Binding-IDR,rawMSA,0.1,0.9375,0.9283,0.9588,0.0656,0.9480,0.0105,12
Binding-IDR,rawMSA,0.05,1.0000,0.9682,1.0000,0.0000,0.9860,-0.0140,12
Binding-IDR,s2D-2,0.2,0.8910,0.8632,0.9124,0.1708,0.8920,0.0010,12
Binding-IDR,s2D-2,0.1,0.9569,0.9426,0.9633,0.0678,0.9680,0.0111,12
Binding-IDR,s2D-2,0.05,0.9919,0.9847,0.9982,0.0080,0.9940,0.0021,12
Binding-IDR,DisorderNet-windowed,0.2,0.7404,0.6853,0.8340,0.1922,0.7730,0.0326,12
Binding-IDR,DisorderNet-windowed,0.1,0.8532,0.8263,0.9389,0.0994,0.9280,0.0748,12
Binding-IDR,DisorderNet-windowed,0.05,0.9364,0.9315,0.9974,0.0393,0.9900,0.0536,12
Binding-IDR,DisorderNet-pbias,0.2,0.8158,0.6539,0.8407,0.1500,0.7420,-0.0738,12
Binding-IDR,DisorderNet-pbias,0.1,0.9197,0.8829,0.9359,0.0581,0.9000,-0.0197,12
Binding-IDR,DisorderNet-pbias,0.05,0.9795,0.9701,0.9976,0.0212,0.9840,0.0045,12
Linker,AIUPred-2-binding,0.2,0.7009,0.6862,0.7679,0.1638,0.7530,0.0521,12
Linker,AIUPred-2-binding,0.1,0.9262,0.8767,0.9648,0.0333,0.8920,-0.0342,12
Linker,AIUPred-2-binding,0.05,,,,,,,
Linker,AIUPred-2-disorder,0.2,0.7256,0.6790,0.7595,0.0778,0.6310,-0.0946,12
Linker,AIUPred-2-disorder,0.1,0.8683,0.8204,0.8984,0.0111,0.7560,-0.1123,12
Linker,AIUPred-2-disorder,0.05,,,,,,,
Linker,AIUPred,0.2,0.8301,0.7602,0.8764,0.1124,0.7520,-0.0781,12
Linker,AIUPred,0.1,0.9638,0.9093,0.9902,0.0333,0.8910,-0.0728,12
Linker,AIUPred,0.05,,,,,,,
Linker,ANCHOR2,0.2,0.8699,0.8354,0.8903,0.0914,0.8880,0.0181,12
Linker,ANCHOR2,0.1,0.9718,0.9387,0.9886,0.0333,0.9640,-0.0078,12
Linker,ANCHOR2,0.05,,,,,,,
Linker,APOD,0.2,0.5158,0.4911,0.5581,0.1856,0.4410,-0.0748,12
Linker,APOD,0.1,0.6733,0.6569,0.7055,0.0776,0.6190,-0.0543,12
Linker,APOD,0.05,,,,,,,
Linker,AUCpred-no-profile,0.2,0.6561,0.6033,0.7102,0.1197,0.5460,-0.1101,12
Linker,AUCpred-no-profile,0.1,0.8338,0.7460,0.8419,0.0145,0.7180,-0.1158,12
Linker,AUCpred-no-profile,0.05,,,,,,,
Linker,AUCpred-profile,0.2,0.5066,0.4846,0.5486,0.1980,0.5450,0.0384,12
Linker,AUCpred-profile,0.1,0.6847,0.6277,0.8394,0.0444,0.7100,0.0253,12
Linker,AUCpred-profile,0.05,,,,,,,
Linker,AlphaFold-binding,0.2,0.5323,0.4502,0.5623,0.0785,0.5120,-0.0203,12
Linker,AlphaFold-binding,0.1,0.7275,0.7052,0.7675,0.0295,0.6400,-0.0875,12
Linker,AlphaFold-binding,0.05,,,,,,,
Linker,AlphaFold-pLDDT,0.2,0.3821,0.3333,0.4032,0.1781,0.3790,-0.0031,12
Linker,AlphaFold-pLDDT,0.1,0.6261,0.5736,0.6619,0.0630,0.5640,-0.0621,12
Linker,AlphaFold-pLDDT,0.05,,,,,,,
Linker,AlphaFold-rsa,0.2,0.5331,0.4499,0.5623,0.0785,0.5280,-0.0051,12
Linker,AlphaFold-rsa,0.1,0.7271,0.7052,0.7682,0.0287,0.6640,-0.0631,12
Linker,AlphaFold-rsa,0.05,,,,,,,
Linker,AlphaFold3-binding,0.2,0.5508,0.4820,0.6000,0.0788,0.4450,-0.1058,12
Linker,AlphaFold3-binding,0.1,0.7095,0.6619,0.7210,0.0340,0.6910,-0.0185,12
Linker,AlphaFold3-binding,0.05,,,,,,,
Linker,AlphaFold3-pLDDT,0.2,0.3963,0.3760,0.4309,0.1787,0.4630,0.0667,12
Linker,AlphaFold3-pLDDT,0.1,0.6013,0.5837,0.6211,0.0693,0.6400,0.0387,12
Linker,AlphaFold3-pLDDT,0.05,,,,,,,
Linker,AlphaFold3-rsa,0.2,0.5509,0.4822,0.6009,0.0788,0.5260,-0.0249,12
Linker,AlphaFold3-rsa,0.1,0.7095,0.6620,0.7209,0.0340,0.7060,-0.0035,12
Linker,AlphaFold3-rsa,0.05,,,,,,,
Linker,DARUMA-beta,0.2,0.6992,0.6194,0.7327,0.1134,0.5900,-0.1092,12
Linker,DARUMA-beta,0.1,0.8819,0.8527,0.9185,0.0184,0.7630,-0.1189,12
Linker,DARUMA-beta,0.05,,,,,,,
Linker,DFLpred,0.2,0.7514,0.6531,0.7863,0.1214,0.7540,0.0026,12
Linker,DFLpred,0.1,0.8815,0.8502,0.9217,0.0467,0.9060,0.0245,12
Linker,DFLpred,0.05,,,,,,,
Linker,DISOPRED3-bind,0.2,0.8347,0.7462,0.8658,0.1421,0.6340,-0.2007,12
Linker,DISOPRED3-bind,0.1,0.9313,0.9204,0.9607,0.0148,0.8980,-0.0333,12
Linker,DISOPRED3-bind,0.05,,,,,,,
Linker,DISOPRED3-diso,0.2,0.5846,0.5135,0.6061,0.1304,0.5820,-0.0026,12
Linker,DISOPRED3-diso,0.1,0.7467,0.7392,0.7869,0.0468,0.7680,0.0213,12
Linker,DISOPRED3-diso,0.05,,,,,,,
Linker,DRPBind-DNA,0.2,0.7968,0.7561,0.8317,0.1158,0.7970,0.0002,12
Linker,DRPBind-DNA,0.1,0.9111,0.9041,0.9261,0.0467,0.9260,0.0149,12
Linker,DRPBind-DNA,0.05,,,,,,,
Linker,DRPBind-RNA,0.2,0.8567,0.8264,0.8900,0.1439,0.8320,-0.0247,12
Linker,DRPBind-RNA,0.1,0.9391,0.9321,0.9568,0.0533,0.9290,-0.0101,12
Linker,DRPBind-RNA,0.05,,,,,,,
Linker,DRPBind-protein,0.2,0.7099,0.6746,0.7438,0.1035,0.7130,0.0031,12
Linker,DRPBind-protein,0.1,0.9527,0.9223,0.9791,0.0517,0.9030,-0.0497,12
Linker,DRPBind-protein,0.05,,,,,,,
Linker,DeepDISObind-all,0.2,0.8335,0.7947,0.9068,0.1622,0.8330,-0.0005,12
Linker,DeepDISObind-all,0.1,0.9479,0.9201,0.9733,0.0654,0.9370,-0.0109,12
Linker,DeepDISObind-all,0.05,,,,,,,
Linker,DeepDISObind-nucleic,0.2,0.8374,0.8110,0.8715,0.1007,0.7890,-0.0484,12
Linker,DeepDISObind-nucleic,0.1,0.9387,0.9171,0.9557,0.0410,0.9370,-0.0017,12
Linker,DeepDISObind-nucleic,0.05,,,,,,,
Linker,DeepDISObind-protein,0.2,0.8279,0.7909,0.9309,0.1959,0.8230,-0.0049,12
Linker,DeepDISObind-protein,0.1,0.9462,0.9058,0.9749,0.0951,0.9320,-0.0142,12
Linker,DeepDISObind-protein,0.05,,,,,,,
Linker,DeepDRPBind-DNA,0.2,0.9127,0.8947,0.9365,0.1244,0.9200,0.0073,12
Linker,DeepDRPBind-DNA,0.1,0.9664,0.9544,0.9790,0.0305,0.9690,0.0026,12
Linker,DeepDRPBind-DNA,0.05,,,,,,,
Linker,DeepDRPBind-RNA,0.2,0.7538,0.7055,0.8160,0.1543,0.8120,0.0582,12
Linker,DeepDRPBind-RNA,0.1,0.9806,0.9300,0.9856,0.0000,0.9530,-0.0276,12
Linker,DeepDRPBind-RNA,0.05,,,,,,,
Linker,DeepDRPBind-protein,0.2,0.8550,0.8119,0.8857,0.1412,0.8740,0.0190,12
Linker,DeepDRPBind-protein,0.1,0.9987,0.9403,0.9996,0.0010,0.9710,-0.0277,12
Linker,DeepDRPBind-protein,0.05,,,,,,,
Linker,DeepIDP-2L,0.2,0.6553,0.4984,0.6910,0.0751,0.5160,-0.1393,12
Linker,DeepIDP-2L,0.1,0.8755,0.7530,0.8924,0.0176,0.6990,-0.1765,12
Linker,DeepIDP-2L,0.05,,,,,,,
Linker,DisEMBL-dis465,0.2,0.7103,0.6771,0.7449,0.1121,0.6540,-0.0563,12
Linker,DisEMBL-dis465,0.1,0.8536,0.8445,0.8682,0.0326,0.8550,0.0014,12
Linker,DisEMBL-dis465,0.05,,,,,,,
Linker,DisEMBL-disHL,0.2,0.6689,0.6334,0.6914,0.1392,0.6140,-0.0549,12
Linker,DisEMBL-disHL,0.1,0.8024,0.7859,0.8097,0.0448,0.8200,0.0176,12
Linker,DisEMBL-disHL,0.05,,,,,,,
Linker,DisPredict2,0.2,0.7913,0.7052,0.8625,0.1830,0.7630,-0.0283,12
Linker,DisPredict2,0.1,0.9835,0.9311,0.9981,0.0360,0.9700,-0.0135,12
Linker,DisPredict2,0.05,,,,,,,
Linker,DisoMine,0.2,0.8087,0.7370,0.8510,0.1333,0.6480,-0.1607,12
Linker,DisoMine,0.1,0.9258,0.8792,0.9633,0.0061,0.8190,-0.1068,12
Linker,DisoMine,0.05,,,,,,,
Linker,DisoPred,0.2,0.6535,0.6109,0.6702,0.1196,0.5760,-0.0775,12
Linker,DisoPred,0.1,0.7878,0.7775,0.8187,0.0561,0.7980,0.0102,12
Linker,DisoPred,0.05,,,,,,,
Linker,DisoRDPbind-dna,0.2,0.7337,0.6768,0.7668,0.1371,0.7450,0.0113,12
Linker,DisoRDPbind-dna,0.1,0.8709,0.8521,0.8886,0.0413,0.8960,0.0251,12
Linker,DisoRDPbind-dna,0.05,,,,,,,
Linker,DisoRDPbind-prot,0.2,0.8610,0.8121,0.9172,0.1130,0.7780,-0.0830,12
Linker,DisoRDPbind-prot,0.1,0.9822,0.9629,0.9870,0.0275,0.9510,-0.0312,12
Linker,DisoRDPbind-prot,0.05,,,,,,,
Linker,DisoRDPbind-rna,0.2,0.8843,0.8672,0.9012,0.1570,0.8810,-0.0033,12
Linker,DisoRDPbind-rna,0.1,0.9737,0.9603,0.9902,0.0590,0.9660,-0.0077,12
Linker,DisoRDPbind-rna,0.05,,,,,,,
Linker,DisorderUnetLM,0.2,0.5287,0.4937,0.6502,0.1192,0.4580,-0.0707,12
Linker,DisorderUnetLM,0.1,0.8516,0.6687,0.9108,0.0016,0.6330,-0.2186,12
Linker,DisorderUnetLM,0.05,,,,,,,
Linker,ENSHROUD-all,0.2,0.6862,0.6241,0.7381,0.1201,0.6300,-0.0562,12
Linker,ENSHROUD-all,0.1,0.9298,0.9035,0.9423,0.0354,0.8390,-0.0908,12
Linker,ENSHROUD-all,0.05,,,,,,,
Linker,ENSHROUD-nucleic,0.2,0.7460,0.6439,0.8087,0.1116,0.7170,-0.0290,12
Linker,ENSHROUD-nucleic,0.1,0.8950,0.8710,0.9252,0.0400,0.8940,-0.0010,12
Linker,ENSHROUD-nucleic,0.05,,,,,,,
Linker,ENSHROUD-protein,0.2,0.7137,0.6676,0.7466,0.1351,0.6060,-0.1077,12
Linker,ENSHROUD-protein,0.1,0.8921,0.7720,0.9671,0.0337,0.8480,-0.0441,12
Linker,ENSHROUD-protein,0.05,,,,,,,
Linker,ESpritz-D,0.2,0.8048,0.7553,0.8391,0.0979,0.7270,-0.0778,12
Linker,ESpritz-D,0.1,0.9139,0.8952,0.9407,0.0000,0.8820,-0.0319,12
Linker,ESpritz-D,0.05,,,,,,,
Linker,ESpritz-N,0.2,0.7203,0.6613,0.7534,0.1428,0.5500,-0.1703,12
Linker,ESpritz-N,0.1,0.8842,0.8672,0.9125,0.0614,0.7930,-0.0912,12
Linker,ESpritz-N,0.05,,,,,,,
Linker,ESpritz-X,0.2,0.6916,0.6280,0.7647,0.1765,0.6080,-0.0836,12
Linker,ESpritz-X,0.1,0.7824,0.7730,0.8288,0.0525,0.7690,-0.0134,12
Linker,ESpritz-X,0.05,,,,,,,
Linker,IUPred3,0.2,0.8184,0.7153,0.8531,0.0765,0.6220,-0.1964,12
Linker,IUPred3,0.1,0.9351,0.9178,0.9422,0.0335,0.8370,-0.0981,12
Linker,IUPred3,0.05,,,,,,,
Linker,IsUnstruct,0.2,0.6673,0.6327,0.7081,0.0807,0.5600,-0.1073,12
Linker,IsUnstruct,0.1,0.8432,0.8020,0.8836,0.0158,0.7590,-0.0842,12
Linker,IsUnstruct,0.05,,,,,,,
Linker,LINKER-Pred-Lite,0.2,0.4885,0.4193,0.5361,0.1436,0.4570,-0.0315,12
Linker,LINKER-Pred-Lite,0.1,0.8127,0.7102,0.8490,0.0182,0.8280,0.0153,12
Linker,LINKER-Pred-Lite,0.05,,,,,,,
Linker,LINKER-Pred,0.2,0.3614,0.2961,0.4228,0.1503,0.4380,0.0766,12
Linker,LINKER-Pred,0.1,0.9340,0.5208,0.9449,0.0000,0.8000,-0.1340,12
Linker,LINKER-Pred,0.05,,,,,,,
Linker,LINKER-Pred2,0.2,0.3550,0.3007,0.4332,0.1598,0.4220,0.0670,12
Linker,LINKER-Pred2,0.1,0.9091,0.5331,0.9413,0.0000,0.7930,-0.1161,12
Linker,LINKER-Pred2,0.05,,,,,,,
Linker,LIPNet,0.2,0.8684,0.7607,0.9220,0.1599,0.8660,-0.0024,12
Linker,LIPNet,0.1,0.9781,0.9627,0.9877,0.0470,0.9740,-0.0041,12
Linker,LIPNet,0.05,,,,,,,
Linker,LMDisorder,0.2,0.5081,0.4720,0.6527,0.1003,0.5090,0.0009,12
Linker,LMDisorder,0.1,0.7296,0.6876,0.7726,0.0297,0.7620,0.0324,12
Linker,LMDisorder,0.05,,,,,,,
Linker,Metapredict-v1,0.2,0.6322,0.5791,0.6933,0.1601,0.5410,-0.0912,12
Linker,Metapredict-v1,0.1,0.8357,0.8158,0.8673,0.0357,0.8210,-0.0147,12
Linker,Metapredict-v1,0.05,,,,,,,
Linker,Metapredict-v2,0.2,0.5957,0.5395,0.6225,0.1235,0.5300,-0.0657,12
Linker,Metapredict-v2,0.1,0.7876,0.7424,0.7941,0.0129,0.7230,-0.0646,12
Linker,Metapredict-v2,0.05,,,,,,,
Linker,Metapredict-v3,0.2,0.6182,0.5525,0.6496,0.1439,0.5850,-0.0332,12
Linker,Metapredict-v3,0.1,0.8721,0.8247,0.9001,0.0162,0.7400,-0.1321,12
Linker,Metapredict-v3,0.05,,,,,,,
Linker,MoRFchibi-light,0.2,0.7933,0.7681,0.8149,0.1226,0.8110,0.0177,12
Linker,MoRFchibi-light,0.1,0.9030,0.8854,0.9482,0.0249,0.9500,0.0470,12
Linker,MoRFchibi-light,0.05,,,,,,,
Linker,MoRFchibi-web,0.2,0.8435,0.8308,0.8955,0.1162,0.8610,0.0175,12
Linker,MoRFchibi-web,0.1,0.9542,0.9421,0.9660,0.0474,0.9660,0.0118,12
Linker,MoRFchibi-web,0.05,,,,,,,
Linker,MoRFchibi,0.2,0.8435,0.8214,0.8671,0.1808,0.8790,0.0355,12
Linker,MoRFchibi,0.1,0.9533,0.9371,0.9939,0.0695,0.9580,0.0047,12
Linker,MoRFchibi,0.05,,,,,,,
Linker,MobiDB-lite,0.2,0.6590,0.6168,0.7267,0.1230,0.6090,-0.0500,12
Linker,MobiDB-lite,0.1,0.8468,0.8102,0.8613,0.0338,0.9780,0.1312,12
Linker,MobiDB-lite,0.05,,,,,,,
Linker,NeProc2-beta-binding,0.2,0.7108,0.5777,0.8102,0.1371,0.6120,-0.0988,12
Linker,NeProc2-beta-binding,0.1,0.8719,0.8152,0.9025,0.0508,0.7960,-0.0759,12
Linker,NeProc2-beta-binding,0.05,,,,,,,
Linker,NeProc2-beta-disorder,0.2,0.7066,0.5703,0.8077,0.1375,0.6030,-0.1036,12
Linker,NeProc2-beta-disorder,0.1,0.8707,0.8191,0.9057,0.0508,0.7850,-0.0857,12
Linker,NeProc2-beta-disorder,0.05,,,,,,,
Linker,OPAL,0.2,0.7512,0.7051,0.8136,0.2265,0.8100,0.0588,12
Linker,OPAL,0.1,0.8472,0.8066,0.8836,0.1205,0.9270,0.0798,12
Linker,OPAL,0.05,,,,,,,
Linker,PUNCH2-Light,0.2,0.5042,0.4263,0.5368,0.1220,0.5370,0.0328,12
Linker,PUNCH2-Light,0.1,0.6932,0.6256,0.7256,0.0433,0.6610,-0.0322,12
Linker,PUNCH2-Light,0.05,,,,,,,
Linker,PUNCH2,0.2,0.5116,0.4635,0.5724,0.1351,0.5300,0.0184,12
Linker,PUNCH2,0.1,0.7280,0.6665,0.7650,0.0424,0.6560,-0.0720,12
Linker,PUNCH2,0.05,,,,,,,
Linker,PredIDR2-Prof-Art,0.2,0.4863,0.4571,0.5800,0.1329,0.5530,0.0667,12
Linker,PredIDR2-Prof-Art,0.1,0.6857,0.6023,0.7579,0.0079,0.7730,0.0873,12
Linker,PredIDR2-Prof-Art,0.05,,,,,,,
Linker,PredIDR2-Prof-Rnd,0.2,0.5353,0.4732,0.5715,0.0987,0.5540,0.0187,12
Linker,PredIDR2-Prof-Rnd,0.1,0.6849,0.6028,0.7232,0.0058,0.7660,0.0811,12
Linker,PredIDR2-Prof-Rnd,0.05,,,,,,,
Linker,PredIDR2-Seq-Art,0.2,0.4973,0.4532,0.5391,0.1470,0.5590,0.0617,12
Linker,PredIDR2-Seq-Art,0.1,0.6603,0.5517,0.6861,0.0174,0.7640,0.1037,12
Linker,PredIDR2-Seq-Art,0.05,,,,,,,
Linker,PredIDR2-Seq-Rnd,0.2,0.5498,0.4668,0.5764,0.1529,0.5200,-0.0298,12
Linker,PredIDR2-Seq-Rnd,0.1,0.6697,0.5922,0.7042,0.0000,0.7370,0.0673,12
Linker,PredIDR2-Seq-Rnd,0.05,,,,,,,
Linker,ProBiPred-nucleic,0.2,0.7716,0.7415,0.7963,0.1654,0.7690,-0.0026,12
Linker,ProBiPred-nucleic,0.1,0.8829,0.8726,0.8960,0.0358,0.9200,0.0371,12
Linker,ProBiPred-nucleic,0.05,,,,,,,
Linker,ProBiPred-protein,0.2,0.9417,0.9331,0.9530,0.1318,0.9510,0.0093,12
Linker,ProBiPred-protein,0.1,0.9935,0.9901,0.9957,0.0159,0.9900,-0.0035,12
Linker,ProBiPred-protein,0.05,,,,,,,
Linker,RONN,0.2,0.5787,0.5612,0.5925,0.0993,0.5560,-0.0227,12
Linker,RONN,0.1,0.9021,0.8339,0.9143,0.0000,0.7690,-0.1331,12
Linker,RONN,0.05,,,,,,,
Linker,SETH-0,0.2,0.4374,0.3807,0.4714,0.1563,0.4820,0.0446,12
Linker,SETH-0,0.1,0.6236,0.5626,0.6965,0.0486,0.6590,0.0354,12
Linker,SETH-0,0.05,,,,,,,
Linker,SETH-1,0.2,0.4493,0.4027,0.4908,0.1575,0.5000,0.0507,12
Linker,SETH-1,0.1,0.6503,0.6126,0.6905,0.0369,0.6670,0.0167,12
Linker,SETH-1,0.05,,,,,,,
Linker,SPOT-Disorder-Single,0.2,0.7044,0.6037,0.7629,0.0818,0.5650,-0.1394,12
Linker,SPOT-Disorder-Single,0.1,0.8730,0.7930,0.8951,0.0127,0.7750,-0.0980,12
Linker,SPOT-Disorder-Single,0.05,,,,,,,
Linker,SPOT-Disorder,0.2,0.5803,0.4807,0.6125,0.1074,0.5410,-0.0393,12
Linker,SPOT-Disorder,0.1,0.7556,0.6958,0.7782,0.0000,0.6890,-0.0666,12
Linker,SPOT-Disorder,0.05,,,,,,,
Linker,UdonPred-DisProt,0.2,0.6135,0.5571,0.6568,0.0983,0.5780,-0.0355,12
Linker,UdonPred-DisProt,0.1,0.8651,0.7396,0.9007,0.0188,0.8460,-0.0191,12
Linker,UdonPred-DisProt,0.05,,,,,,,
Linker,UdonPred-TriZOD,0.2,0.4298,0.3843,0.4532,0.1298,0.4720,0.0422,12
Linker,UdonPred-TriZOD,0.1,0.5991,0.5689,0.6192,0.0329,0.6470,0.0479,12
Linker,UdonPred-TriZOD,0.05,,,,,,,
Linker,UdonPred-combined,0.2,0.5964,0.5664,0.6456,0.1427,0.5980,0.0016,12
Linker,UdonPred-combined,0.1,0.7838,0.7722,0.7966,0.0364,0.8050,0.0212,12
Linker,UdonPred-combined,0.05,,,,,,,
Linker,VSL2,0.2,0.6084,0.5637,0.6469,0.0986,0.5890,-0.0194,12
Linker,VSL2,0.1,0.8087,0.7635,0.8700,0.0203,0.7650,-0.0437,12
Linker,VSL2,0.05,,,,,,,
Linker,bindEmbed21IDR-idrGeneral,0.2,0.9441,0.9243,0.9587,0.1056,0.9430,-0.0011,12
Linker,bindEmbed21IDR-idrGeneral,0.1,0.9816,0.9761,0.9885,0.0185,0.9840,0.0024,12
Linker,bindEmbed21IDR-idrGeneral,0.05,,,,,,,
Linker,bindEmbed21IDR-idrNuc,0.2,0.9120,0.8127,0.9477,0.1358,0.8960,-0.0160,12
Linker,bindEmbed21IDR-idrNuc,0.1,0.9734,0.9308,0.9854,0.0414,0.9610,-0.0124,12
Linker,bindEmbed21IDR-idrNuc,0.05,,,,,,,
Linker,bindEmbed21IDR-rawGeneral,0.2,0.9533,0.9331,0.9611,0.1015,0.9590,0.0057,12
Linker,bindEmbed21IDR-rawGeneral,0.1,1.0000,0.9968,1.0000,0.0000,0.9920,-0.0080,12
Linker,bindEmbed21IDR-rawGeneral,0.05,,,,,,,
Linker,bindEmbed21IDR-rawNuc,0.2,0.9053,0.8130,0.9462,0.1437,0.8960,-0.0093,12
Linker,bindEmbed21IDR-rawNuc,0.1,0.9720,0.9531,0.9849,0.0437,0.9620,-0.0100,12
Linker,bindEmbed21IDR-rawNuc,0.05,,,,,,,
Linker,flDPlr,0.2,0.7457,0.6447,0.8160,0.0787,0.5660,-0.1797,12
Linker,flDPlr,0.1,0.9026,0.8452,0.9345,0.0308,0.8760,-0.0266,12
Linker,flDPlr,0.05,,,,,,,
Linker,flDPlr2,0.2,0.7436,0.5872,0.8650,0.2343,0.5800,-0.1636,12
Linker,flDPlr2,0.1,0.9392,0.8713,0.9682,0.0078,0.7120,-0.2272,12
Linker,flDPlr2,0.05,,,,,,,
Linker,flDPnn,0.2,0.6818,0.5930,0.7943,0.1858,0.5710,-0.1108,12
Linker,flDPnn,0.1,0.9832,0.7055,0.9855,0.0000,0.7310,-0.2522,12
Linker,flDPnn,0.05,,,,,,,
Linker,flDPnn2,0.2,0.6691,0.5392,0.7922,0.1495,0.5880,-0.0811,12
Linker,flDPnn2,0.1,0.9607,0.9194,0.9930,0.0190,0.7220,-0.2387,12
Linker,flDPnn2,0.05,,,,,,,
Linker,flDPnn3a,0.2,0.5168,0.4433,0.5581,0.1614,0.5420,0.0252,12
Linker,flDPnn3a,0.1,0.8452,0.5441,0.8674,0.0126,0.6800,-0.1652,12
Linker,flDPnn3a,0.05,,,,,,,
Linker,flDPnn3b,0.2,0.5086,0.4159,0.6358,0.1549,0.5030,-0.0056,12
Linker,flDPnn3b,0.1,0.7140,0.6882,0.7739,0.0428,0.6420,-0.0720,12
Linker,flDPnn3b,0.05,,,,,,,
Linker,pyHCA,0.2,0.7291,0.7039,0.8045,0.1577,0.7470,0.0179,12
Linker,pyHCA,0.1,0.8870,0.8512,0.9386,0.0427,0.9840,0.0970,12
Linker,pyHCA,0.05,,,,,,,
Linker,rawMSA-disorder,0.2,0.6144,0.5087,0.6830,0.2115,0.4520,-0.1624,12
Linker,rawMSA-disorder,0.1,0.8143,0.8079,0.8770,0.0039,0.7530,-0.0613,12
Linker,rawMSA-disorder,0.05,,,,,,,
Linker,rawMSA,0.2,0.5981,0.5108,0.6374,0.0985,0.5850,-0.0131,12
Linker,rawMSA,0.1,0.8270,0.6793,0.8469,0.0339,0.8800,0.0530,12
Linker,rawMSA,0.05,,,,,,,
Linker,s2D-2,0.2,0.5333,0.5054,0.5678,0.1264,0.5120,-0.0213,12
Linker,s2D-2,0.1,0.6966,0.6573,0.7108,0.0349,0.6750,-0.0216,12
Linker,s2D-2,0.05,,,,,,,
Linker,DisorderNet-windowed,0.2,0.3281,0.2938,0.3785,0.1816,0.3150,-0.0131,12
Linker,DisorderNet-windowed,0.1,0.5744,0.5233,0.5980,0.0381,0.5480,-0.0264,12
Linker,DisorderNet-windowed,0.05,,,,,,,
Linker,DisorderNet-pbias,0.2,0.3207,0.3065,0.4089,0.1684,0.3420,0.0213,12
Linker,DisorderNet-pbias,0.1,0.7663,0.5883,0.7925,0.0111,0.7220,-0.0443,12
Linker,DisorderNet-pbias,0.05,,,,,,,
